patch1-Chart-1-CapGen.patch,correct,fixed,Chart,1,ASE15-randoop,1,0,
patch1-Chart-1-CapGen.patch,correct,fixed,Chart,1,ASE15-randoop,2,0,
patch1-Chart-1-CapGen.patch,correct,fixed,Chart,1,ASE15-randoop,3,0,
patch1-Chart-1-CapGen.patch,correct,fixed,Chart,1,ASE15-randoop,4,0,
patch1-Chart-1-CapGen.patch,correct,fixed,Chart,1,ASE15-randoop,5,0,
patch1-Chart-1-CapGen.patch,correct,fixed,Chart,1,ASE15-randoop,6,0,
patch1-Chart-1-CapGen.patch,correct,fixed,Chart,1,ASE15-randoop,7,0,
patch1-Chart-1-CapGen.patch,correct,fixed,Chart,1,ASE15-randoop,8,0,
patch1-Chart-1-CapGen.patch,correct,fixed,Chart,1,ASE15-randoop,9,0,
patch1-Chart-1-CapGen.patch,correct,fixed,Chart,1,ASE15-randoop,10,0,
patch1-Chart-1-CapGen.patch,correct,buggy,Chart,1,ASE15-randoop,1,0,
patch1-Chart-1-CapGen.patch,correct,buggy,Chart,1,ASE15-randoop,2,0,
patch1-Chart-1-CapGen.patch,correct,buggy,Chart,1,ASE15-randoop,3,0,
patch1-Chart-1-CapGen.patch,correct,buggy,Chart,1,ASE15-randoop,4,0,
patch1-Chart-1-CapGen.patch,correct,buggy,Chart,1,ASE15-randoop,5,0,
patch1-Chart-1-CapGen.patch,correct,buggy,Chart,1,ASE15-randoop,6,0,
patch1-Chart-1-CapGen.patch,correct,buggy,Chart,1,ASE15-randoop,7,0,
patch1-Chart-1-CapGen.patch,correct,buggy,Chart,1,ASE15-randoop,8,0,
patch1-Chart-1-CapGen.patch,correct,buggy,Chart,1,ASE15-randoop,9,0,
patch1-Chart-1-CapGen.patch,correct,buggy,Chart,1,ASE15-randoop,10,0,
patch1-Chart-1-CapGen.patch,correct,fixed,Chart,1,ASE15-randoop,1,0,
patch1-Chart-1-CapGen.patch,correct,fixed,Chart,1,ASE15-randoop,2,0,
patch1-Chart-1-CapGen.patch,correct,fixed,Chart,1,ASE15-randoop,3,0,
patch1-Chart-1-CapGen.patch,correct,fixed,Chart,1,ASE15-randoop,4,0,
patch1-Chart-1-CapGen.patch,correct,fixed,Chart,1,ASE15-randoop,5,0,
patch1-Chart-1-CapGen.patch,correct,fixed,Chart,1,ASE15-randoop,6,0,
patch1-Chart-1-CapGen.patch,correct,fixed,Chart,1,ASE15-randoop,7,0,
patch1-Chart-1-CapGen.patch,correct,fixed,Chart,1,ASE15-randoop,8,0,
patch1-Chart-1-CapGen.patch,correct,fixed,Chart,1,ASE15-randoop,9,0,
patch1-Chart-1-CapGen.patch,correct,fixed,Chart,1,ASE15-randoop,10,0,
patch1-Chart-1-CapGen.patch,correct,buggy,Chart,1,ASE15-randoop,1,0,
patch1-Chart-1-CapGen.patch,correct,buggy,Chart,1,ASE15-randoop,2,0,
patch1-Chart-1-CapGen.patch,correct,buggy,Chart,1,ASE15-randoop,3,0,
patch1-Chart-1-CapGen.patch,correct,buggy,Chart,1,ASE15-randoop,4,0,
patch1-Chart-1-CapGen.patch,correct,buggy,Chart,1,ASE15-randoop,5,0,
patch1-Chart-1-CapGen.patch,correct,buggy,Chart,1,ASE15-randoop,6,0,
patch1-Chart-1-CapGen.patch,correct,buggy,Chart,1,ASE15-randoop,7,0,
patch1-Chart-1-CapGen.patch,correct,buggy,Chart,1,ASE15-randoop,8,0,
patch1-Chart-1-CapGen.patch,correct,buggy,Chart,1,ASE15-randoop,9,0,
patch1-Chart-1-CapGen.patch,correct,buggy,Chart,1,ASE15-randoop,10,0,
patch1-Chart-1-CapGen.patch,correct,fixed,Chart,1,EMSE18-evosuite,0,0,
patch1-Chart-1-CapGen.patch,correct,fixed,Chart,1,EMSE18-evosuite,1,0,
patch1-Chart-1-CapGen.patch,correct,fixed,Chart,1,EMSE18-evosuite,2,0,
patch1-Chart-1-CapGen.patch,correct,fixed,Chart,1,EMSE18-evosuite,3,0,
patch1-Chart-1-CapGen.patch,correct,fixed,Chart,1,EMSE18-evosuite,4,0,
patch1-Chart-1-CapGen.patch,correct,fixed,Chart,1,EMSE18-evosuite,5,0,
patch1-Chart-1-CapGen.patch,correct,fixed,Chart,1,EMSE18-evosuite,6,0,
patch1-Chart-1-CapGen.patch,correct,fixed,Chart,1,EMSE18-evosuite,7,0,
patch1-Chart-1-CapGen.patch,correct,fixed,Chart,1,EMSE18-evosuite,8,0,
patch1-Chart-1-CapGen.patch,correct,fixed,Chart,1,EMSE18-evosuite,9,0,
patch1-Chart-1-CapGen.patch,correct,fixed,Chart,1,EMSE18-evosuite,10,0,
patch1-Chart-1-CapGen.patch,correct,fixed,Chart,1,EMSE18-evosuite,11,0,
patch1-Chart-1-CapGen.patch,correct,fixed,Chart,1,EMSE18-evosuite,12,0,
patch1-Chart-1-CapGen.patch,correct,fixed,Chart,1,EMSE18-evosuite,13,0,
patch1-Chart-1-CapGen.patch,correct,fixed,Chart,1,EMSE18-evosuite,14,0,
patch1-Chart-1-CapGen.patch,correct,fixed,Chart,1,EMSE18-evosuite,15,0,
patch1-Chart-1-CapGen.patch,correct,fixed,Chart,1,EMSE18-evosuite,16,0,
patch1-Chart-1-CapGen.patch,correct,fixed,Chart,1,EMSE18-evosuite,17,0,
patch1-Chart-1-CapGen.patch,correct,fixed,Chart,1,EMSE18-evosuite,18,0,
patch1-Chart-1-CapGen.patch,correct,fixed,Chart,1,EMSE18-evosuite,19,0,
patch1-Chart-1-CapGen.patch,correct,fixed,Chart,1,EMSE18-evosuite,20,0,
patch1-Chart-1-CapGen.patch,correct,fixed,Chart,1,EMSE18-evosuite,21,0,
patch1-Chart-1-CapGen.patch,correct,fixed,Chart,1,EMSE18-evosuite,22,0,
patch1-Chart-1-CapGen.patch,correct,fixed,Chart,1,EMSE18-evosuite,23,0,
patch1-Chart-1-CapGen.patch,correct,fixed,Chart,1,EMSE18-evosuite,24,0,
patch1-Chart-1-CapGen.patch,correct,fixed,Chart,1,EMSE18-evosuite,25,0,
patch1-Chart-1-CapGen.patch,correct,fixed,Chart,1,EMSE18-evosuite,26,0,
patch1-Chart-1-CapGen.patch,correct,fixed,Chart,1,EMSE18-evosuite,27,0,
patch1-Chart-1-CapGen.patch,correct,fixed,Chart,1,EMSE18-evosuite,28,0,
patch1-Chart-1-CapGen.patch,correct,fixed,Chart,1,EMSE18-evosuite,29,0,
patch1-Chart-1-CapGen.patch,correct,buggy,Chart,1,EMSE18-evosuite,0,0,
patch1-Chart-1-CapGen.patch,correct,buggy,Chart,1,EMSE18-evosuite,1,0,
patch1-Chart-1-CapGen.patch,correct,buggy,Chart,1,EMSE18-evosuite,2,0,
patch1-Chart-1-CapGen.patch,correct,buggy,Chart,1,EMSE18-evosuite,3,0,
patch1-Chart-1-CapGen.patch,correct,buggy,Chart,1,EMSE18-evosuite,4,0,
patch1-Chart-1-CapGen.patch,correct,buggy,Chart,1,EMSE18-evosuite,5,0,
patch1-Chart-1-CapGen.patch,correct,buggy,Chart,1,EMSE18-evosuite,6,0,
patch1-Chart-1-CapGen.patch,correct,buggy,Chart,1,EMSE18-evosuite,7,0,
patch1-Chart-1-CapGen.patch,correct,buggy,Chart,1,EMSE18-evosuite,8,0,
patch1-Chart-1-CapGen.patch,correct,buggy,Chart,1,EMSE18-evosuite,9,0,
patch1-Chart-1-CapGen.patch,correct,buggy,Chart,1,EMSE18-evosuite,10,0,
patch1-Chart-1-CapGen.patch,correct,buggy,Chart,1,EMSE18-evosuite,11,0,
patch1-Chart-1-CapGen.patch,correct,buggy,Chart,1,EMSE18-evosuite,12,0,
patch1-Chart-1-CapGen.patch,correct,buggy,Chart,1,EMSE18-evosuite,13,0,
patch1-Chart-1-CapGen.patch,correct,buggy,Chart,1,EMSE18-evosuite,14,0,
patch1-Chart-1-CapGen.patch,correct,buggy,Chart,1,EMSE18-evosuite,15,0,
patch1-Chart-1-CapGen.patch,correct,buggy,Chart,1,EMSE18-evosuite,16,0,
patch1-Chart-1-CapGen.patch,correct,buggy,Chart,1,EMSE18-evosuite,17,0,
patch1-Chart-1-CapGen.patch,correct,buggy,Chart,1,EMSE18-evosuite,18,0,
patch1-Chart-1-CapGen.patch,correct,buggy,Chart,1,EMSE18-evosuite,19,0,
patch1-Chart-1-CapGen.patch,correct,buggy,Chart,1,EMSE18-evosuite,20,0,
patch1-Chart-1-CapGen.patch,correct,buggy,Chart,1,EMSE18-evosuite,21,0,
patch1-Chart-1-CapGen.patch,correct,buggy,Chart,1,EMSE18-evosuite,22,0,
patch1-Chart-1-CapGen.patch,correct,buggy,Chart,1,EMSE18-evosuite,23,0,
patch1-Chart-1-CapGen.patch,correct,buggy,Chart,1,EMSE18-evosuite,24,0,
patch1-Chart-1-CapGen.patch,correct,buggy,Chart,1,EMSE18-evosuite,25,0,
patch1-Chart-1-CapGen.patch,correct,buggy,Chart,1,EMSE18-evosuite,26,0,
patch1-Chart-1-CapGen.patch,correct,buggy,Chart,1,EMSE18-evosuite,27,0,
patch1-Chart-1-CapGen.patch,correct,buggy,Chart,1,EMSE18-evosuite,28,0,
patch1-Chart-1-CapGen.patch,correct,buggy,Chart,1,EMSE18-evosuite,29,0,
patch1-Chart-8-CapGen.patch,correct,fixed,Chart,8,ASE15-randoop,1,0,
patch1-Chart-8-CapGen.patch,correct,fixed,Chart,8,ASE15-randoop,2,0,
patch1-Chart-8-CapGen.patch,correct,fixed,Chart,8,ASE15-randoop,3,0,
patch1-Chart-8-CapGen.patch,correct,fixed,Chart,8,ASE15-randoop,4,0,
patch1-Chart-8-CapGen.patch,correct,fixed,Chart,8,ASE15-randoop,5,0,
patch1-Chart-8-CapGen.patch,correct,fixed,Chart,8,ASE15-randoop,6,0,
patch1-Chart-8-CapGen.patch,correct,fixed,Chart,8,ASE15-randoop,7,0,
patch1-Chart-8-CapGen.patch,correct,fixed,Chart,8,ASE15-randoop,8,0,
patch1-Chart-8-CapGen.patch,correct,fixed,Chart,8,ASE15-randoop,9,0,
patch1-Chart-8-CapGen.patch,correct,fixed,Chart,8,ASE15-randoop,10,0,
patch1-Chart-8-CapGen.patch,correct,buggy,Chart,8,ASE15-randoop,1,0,
patch1-Chart-8-CapGen.patch,correct,buggy,Chart,8,ASE15-randoop,2,0,
patch1-Chart-8-CapGen.patch,correct,buggy,Chart,8,ASE15-randoop,3,0,
patch1-Chart-8-CapGen.patch,correct,buggy,Chart,8,ASE15-randoop,4,0,
patch1-Chart-8-CapGen.patch,correct,buggy,Chart,8,ASE15-randoop,5,0,
patch1-Chart-8-CapGen.patch,correct,buggy,Chart,8,ASE15-randoop,6,0,
patch1-Chart-8-CapGen.patch,correct,buggy,Chart,8,ASE15-randoop,7,0,
patch1-Chart-8-CapGen.patch,correct,buggy,Chart,8,ASE15-randoop,8,0,
patch1-Chart-8-CapGen.patch,correct,buggy,Chart,8,ASE15-randoop,9,0,
patch1-Chart-8-CapGen.patch,correct,buggy,Chart,8,ASE15-randoop,10,0,
patch1-Chart-8-CapGen.patch,correct,fixed,Chart,8,ASE15-evosuite,0,0,
patch1-Chart-8-CapGen.patch,correct,fixed,Chart,8,ASE15-evosuite,1,0,
patch1-Chart-8-CapGen.patch,correct,fixed,Chart,8,ASE15-evosuite,2,0,
patch1-Chart-8-CapGen.patch,correct,fixed,Chart,8,ASE15-evosuite,3,0,
patch1-Chart-8-CapGen.patch,correct,fixed,Chart,8,ASE15-evosuite,4,0,
patch1-Chart-8-CapGen.patch,correct,fixed,Chart,8,ASE15-evosuite,5,0,
patch1-Chart-8-CapGen.patch,correct,fixed,Chart,8,ASE15-evosuite,6,0,
patch1-Chart-8-CapGen.patch,correct,fixed,Chart,8,ASE15-evosuite,7,0,
patch1-Chart-8-CapGen.patch,correct,fixed,Chart,8,ASE15-evosuite,8,0,
patch1-Chart-8-CapGen.patch,correct,fixed,Chart,8,ASE15-evosuite,9,0,
patch1-Chart-8-CapGen.patch,correct,buggy,Chart,8,ASE15-evosuite,0,0,
patch1-Chart-8-CapGen.patch,correct,buggy,Chart,8,ASE15-evosuite,1,0,
patch1-Chart-8-CapGen.patch,correct,buggy,Chart,8,ASE15-evosuite,2,0,
patch1-Chart-8-CapGen.patch,correct,buggy,Chart,8,ASE15-evosuite,3,0,
patch1-Chart-8-CapGen.patch,correct,buggy,Chart,8,ASE15-evosuite,4,0,
patch1-Chart-8-CapGen.patch,correct,buggy,Chart,8,ASE15-evosuite,5,0,
patch1-Chart-8-CapGen.patch,correct,buggy,Chart,8,ASE15-evosuite,6,0,
patch1-Chart-8-CapGen.patch,correct,buggy,Chart,8,ASE15-evosuite,7,0,
patch1-Chart-8-CapGen.patch,correct,buggy,Chart,8,ASE15-evosuite,8,0,
patch1-Chart-8-CapGen.patch,correct,buggy,Chart,8,ASE15-evosuite,9,0,
patch1-Chart-11-CapGen.patch,correct,fixed,Chart,,ASE15-evosuite,0,0,
patch1-Chart-11-CapGen.patch,correct,fixed,Chart,11,ASE15-evosuite,1,0,
patch1-Chart-11-CapGen.patch,correct,fixed,Chart,11,ASE15-evosuite,2,0,
patch1-Chart-11-CapGen.patch,correct,fixed,Chart,11,ASE15-evosuite,3,0,
patch1-Chart-11-CapGen.patch,correct,fixed,Chart,11,ASE15-evosuite,4,0,
patch1-Chart-11-CapGen.patch,correct,fixed,Chart,11,ASE15-evosuite,5,0,
patch1-Chart-11-CapGen.patch,correct,fixed,Chart,11,ASE15-evosuite,6,0,
patch1-Chart-11-CapGen.patch,correct,fixed,Chart,11,ASE15-evosuite,7,0,
patch1-Chart-11-CapGen.patch,correct,fixed,Chart,11,ASE15-evosuite,8,0,
patch1-Chart-11-CapGen.patch,correct,fixed,Chart,11,ASE15-evosuite,9,0,
patch1-Chart-11-CapGen.patch,correct,buggy,Chart,11,ASE15-evosuite,0,0,
patch1-Chart-11-CapGen.patch,correct,buggy,Chart,11,ASE15-evosuite,1,0,
patch1-Chart-11-CapGen.patch,correct,buggy,Chart,11,ASE15-evosuite,2,0,
patch1-Chart-11-CapGen.patch,correct,buggy,Chart,11,ASE15-evosuite,3,0,
patch1-Chart-11-CapGen.patch,correct,buggy,Chart,11,ASE15-evosuite,4,0,
patch1-Chart-11-CapGen.patch,correct,buggy,Chart,11,ASE15-evosuite,5,0,
patch1-Chart-11-CapGen.patch,correct,buggy,Chart,11,ASE15-evosuite,6,0,
patch1-Chart-11-CapGen.patch,correct,buggy,Chart,11,ASE15-evosuite,7,0,
patch1-Chart-11-CapGen.patch,correct,buggy,Chart,11,ASE15-evosuite,8,0,
patch1-Chart-11-CapGen.patch,correct,buggy,Chart,11,ASE15-evosuite,9,0,
patch2-Chart-11-CapGen.patch,correct,fixed,Chart,11,ASE15-evosuite,0,0,
patch2-Chart-11-CapGen.patch,correct,fixed,Chart,11,ASE15-evosuite,1,0,
patch2-Chart-11-CapGen.patch,correct,fixed,Chart,11,ASE15-evosuite,2,0,
patch2-Chart-11-CapGen.patch,correct,fixed,Chart,11,ASE15-evosuite,3,0,
patch2-Chart-11-CapGen.patch,correct,fixed,Chart,11,ASE15-evosuite,4,0,
patch2-Chart-11-CapGen.patch,correct,fixed,Chart,11,ASE15-evosuite,5,0,
patch2-Chart-11-CapGen.patch,correct,fixed,Chart,11,ASE15-evosuite,6,0,
patch2-Chart-11-CapGen.patch,correct,fixed,Chart,11,ASE15-evosuite,7,0,
patch2-Chart-11-CapGen.patch,correct,fixed,Chart,11,ASE15-evosuite,8,0,
patch2-Chart-11-CapGen.patch,correct,fixed,Chart,11,ASE15-evosuite,9,0,
patch2-Chart-11-CapGen.patch,correct,buggy,Chart,11,ASE15-evosuite,0,0,
patch2-Chart-11-CapGen.patch,correct,buggy,Chart,11,ASE15-evosuite,1,0,
patch2-Chart-11-CapGen.patch,correct,buggy,Chart,11,ASE15-evosuite,2,0,
patch2-Chart-11-CapGen.patch,correct,buggy,Chart,11,ASE15-evosuite,3,0,
patch2-Chart-11-CapGen.patch,correct,buggy,Chart,11,ASE15-evosuite,4,0,
patch2-Chart-11-CapGen.patch,correct,buggy,Chart,11,ASE15-evosuite,5,0,
patch2-Chart-11-CapGen.patch,correct,buggy,Chart,11,ASE15-evosuite,6,0,
patch2-Chart-11-CapGen.patch,correct,buggy,Chart,11,ASE15-evosuite,7,0,
patch2-Chart-11-CapGen.patch,correct,buggy,Chart,11,ASE15-evosuite,8,0,
patch2-Chart-11-CapGen.patch,correct,buggy,Chart,11,ASE15-evosuite,9,0,
patch1-Chart-11-CapGen.patch,correct,fixed,Chart,11,ASE15-randoop,1,0,
patch1-Chart-11-CapGen.patch,correct,fixed,Chart,11,ASE15-randoop,2,0,
patch1-Chart-11-CapGen.patch,correct,fixed,Chart,11,ASE15-randoop,3,0,
patch1-Chart-11-CapGen.patch,correct,fixed,Chart,11,ASE15-randoop,4,0,
patch1-Chart-11-CapGen.patch,correct,fixed,Chart,11,ASE15-randoop,5,0,
patch1-Chart-11-CapGen.patch,correct,fixed,Chart,11,ASE15-randoop,6,0,
patch1-Chart-11-CapGen.patch,correct,fixed,Chart,11,ASE15-randoop,7,0,
patch1-Chart-11-CapGen.patch,correct,fixed,Chart,11,ASE15-randoop,8,0,
patch1-Chart-11-CapGen.patch,correct,fixed,Chart,11,ASE15-randoop,9,0,
patch1-Chart-11-CapGen.patch,correct,fixed,Chart,11,ASE15-randoop,10,0,
patch1-Chart-11-CapGen.patch,correct,buggy,Chart,11,ASE15-randoop,1,0,
patch1-Chart-11-CapGen.patch,correct,buggy,Chart,11,ASE15-randoop,2,0,
patch1-Chart-11-CapGen.patch,correct,buggy,Chart,11,ASE15-randoop,3,0,
patch1-Chart-11-CapGen.patch,correct,buggy,Chart,11,ASE15-randoop,4,0,
patch1-Chart-11-CapGen.patch,correct,buggy,Chart,11,ASE15-randoop,5,0,
patch1-Chart-11-CapGen.patch,correct,buggy,Chart,11,ASE15-randoop,6,0,
patch1-Chart-11-CapGen.patch,correct,buggy,Chart,11,ASE15-randoop,7,0,
patch1-Chart-11-CapGen.patch,correct,buggy,Chart,11,ASE15-randoop,8,0,
patch1-Chart-11-CapGen.patch,correct,buggy,Chart,11,ASE15-randoop,9,0,
patch1-Chart-11-CapGen.patch,correct,buggy,Chart,11,ASE15-randoop,10,0,
patch2-Chart-11-CapGen.patch,correct,buggy,Chart,11,ASE15-randoop,1,0,
patch2-Chart-11-CapGen.patch,correct,buggy,Chart,11,ASE15-randoop,2,0,
patch2-Chart-11-CapGen.patch,correct,buggy,Chart,11,ASE15-randoop,3,0,
patch2-Chart-11-CapGen.patch,correct,buggy,Chart,11,ASE15-randoop,4,0,
patch2-Chart-11-CapGen.patch,correct,buggy,Chart,11,ASE15-randoop,5,0,
patch2-Chart-11-CapGen.patch,correct,buggy,Chart,11,ASE15-randoop,6,0,
patch2-Chart-11-CapGen.patch,correct,buggy,Chart,11,ASE15-randoop,7,0,
patch2-Chart-11-CapGen.patch,correct,buggy,Chart,11,ASE15-randoop,8,0,
patch2-Chart-11-CapGen.patch,correct,buggy,Chart,11,ASE15-randoop,9,0,
patch2-Chart-11-CapGen.patch,correct,buggy,Chart,11,ASE15-randoop,10,0,
patch1-Chart-24-CapGen.patch,correct,fixed,Chart,24,ASE15-randoop,9,0,
patch1-Chart-24-CapGen.patch,correct,fixed,Chart,24,ASE15-randoop,10,0,
patch1-Chart-24-CapGen.patch,correct,buggy,Chart,24,ASE15-randoop,1,0,
patch1-Chart-24-CapGen.patch,correct,buggy,Chart,24,ASE15-randoop,2,0,
patch1-Chart-24-CapGen.patch,correct,buggy,Chart,24,ASE15-randoop,3,0,
patch1-Chart-24-CapGen.patch,correct,buggy,Chart,24,ASE15-randoop,4,0,
patch1-Chart-24-CapGen.patch,correct,buggy,Chart,24,ASE15-randoop,5,0,
patch1-Chart-24-CapGen.patch,correct,buggy,Chart,24,ASE15-randoop,6,0,
patch1-Chart-24-CapGen.patch,correct,buggy,Chart,24,ASE15-randoop,7,0,
patch1-Chart-24-CapGen.patch,correct,buggy,Chart,24,ASE15-randoop,8,0,
patch1-Chart-24-CapGen.patch,correct,buggy,Chart,24,ASE15-randoop,9,0,
patch1-Chart-24-CapGen.patch,correct,buggy,Chart,24,ASE15-randoop,10,0,
patch1-Chart-24-CapGen.patch,correct,buggy,Chart,24,ASE15-randoop,1,0,
patch1-Chart-24-CapGen.patch,correct,buggy,Chart,24,ASE15-randoop,2,0,
patch1-Chart-24-CapGen.patch,correct,buggy,Chart,24,ASE15-randoop,3,0,
patch1-Chart-24-CapGen.patch,correct,buggy,Chart,24,ASE15-randoop,4,0,
patch1-Chart-24-CapGen.patch,correct,buggy,Chart,24,ASE15-randoop,5,0,
patch1-Chart-24-CapGen.patch,correct,buggy,Chart,24,ASE15-randoop,6,0,
patch1-Chart-24-CapGen.patch,correct,buggy,Chart,24,ASE15-randoop,7,0,
patch1-Chart-24-CapGen.patch,correct,buggy,Chart,24,ASE15-randoop,8,0,
patch1-Chart-24-CapGen.patch,correct,buggy,Chart,24,ASE15-randoop,9,0,
patch1-Chart-24-CapGen.patch,correct,buggy,Chart,24,ASE15-randoop,10,0,
patch1-Chart-24-CapGen.patch,correct,buggy,Chart,24,ASE15-evosuite,0,0,
patch1-Chart-24-CapGen.patch,correct,buggy,Chart,24,ASE15-evosuite,1,0,
patch1-Chart-24-CapGen.patch,correct,buggy,Chart,24,ASE15-evosuite,2,0,
patch1-Chart-24-CapGen.patch,correct,buggy,Chart,24,ASE15-evosuite,3,0,
patch1-Chart-24-CapGen.patch,correct,buggy,Chart,24,ASE15-evosuite,4,0,
patch1-Chart-24-CapGen.patch,correct,buggy,Chart,24,ASE15-evosuite,5,0,
patch1-Chart-24-CapGen.patch,correct,buggy,Chart,24,ASE15-evosuite,6,0,
patch1-Chart-24-CapGen.patch,correct,buggy,Chart,24,ASE15-evosuite,7,0,
patch1-Chart-24-CapGen.patch,correct,buggy,Chart,24,ASE15-evosuite,8,0,
patch1-Chart-24-CapGen.patch,correct,buggy,Chart,24,ASE15-evosuite,9,0,
patch1-Chart-24-CapGen.patch,correct,buggy,Chart,24,ASE15-evosuite,0,0,
patch1-Chart-24-CapGen.patch,correct,buggy,Chart,24,ASE15-evosuite,1,0,
patch1-Chart-24-CapGen.patch,correct,buggy,Chart,24,ASE15-evosuite,2,0,
patch1-Chart-24-CapGen.patch,correct,buggy,Chart,24,ASE15-evosuite,3,0,
patch1-Chart-24-CapGen.patch,correct,buggy,Chart,24,ASE15-evosuite,4,0,
patch1-Chart-24-CapGen.patch,correct,buggy,Chart,24,ASE15-evosuite,5,0,
patch1-Chart-24-CapGen.patch,correct,buggy,Chart,24,ASE15-evosuite,6,0,
patch1-Chart-24-CapGen.patch,correct,buggy,Chart,24,ASE15-evosuite,7,0,
patch1-Chart-24-CapGen.patch,correct,buggy,Chart,24,ASE15-evosuite,8,0,
patch1-Chart-24-CapGen.patch,correct,buggy,Chart,24,ASE15-evosuite,9,0,
patch1-Lang-43-CapGen.patch,correct,fixed,Lang,43,ASE15-evosuite,0,0,
patch1-Lang-43-CapGen.patch,correct,fixed,Lang,43,ASE15-evosuite,1,0,
patch1-Lang-43-CapGen.patch,correct,fixed,Lang,43,ASE15-evosuite,2,0,
patch1-Lang-43-CapGen.patch,correct,fixed,Lang,43,ASE15-evosuite,3,0,
patch1-Lang-43-CapGen.patch,correct,fixed,Lang,43,ASE15-evosuite,4,0,
patch1-Lang-43-CapGen.patch,correct,fixed,Lang,43,ASE15-evosuite,5,0,
patch1-Lang-43-CapGen.patch,correct,fixed,Lang,43,ASE15-evosuite,6,0,
patch1-Lang-43-CapGen.patch,correct,fixed,Lang,43,ASE15-evosuite,7,0,
patch1-Lang-43-CapGen.patch,correct,fixed,Lang,43,ASE15-evosuite,8,0,
patch1-Lang-43-CapGen.patch,correct,fixed,Lang,43,ASE15-evosuite,9,0,
patch1-Lang-43-CapGen.patch,correct,buggy,Lang,43,ASE15-evosuite,0,0,
patch1-Lang-43-CapGen.patch,correct,buggy,Lang,43,ASE15-evosuite,1,0,
patch1-Lang-43-CapGen.patch,correct,buggy,Lang,43,ASE15-evosuite,2,1,;test11
patch1-Lang-43-CapGen.patch,correct,buggy,Lang,43,ASE15-evosuite,3,0,
patch1-Lang-43-CapGen.patch,correct,buggy,Lang,43,ASE15-evosuite,4,0,
patch1-Lang-43-CapGen.patch,correct,buggy,Lang,43,ASE15-evosuite,5,0,
patch1-Lang-43-CapGen.patch,correct,buggy,Lang,43,ASE15-evosuite,6,0,
patch1-Lang-43-CapGen.patch,correct,buggy,Lang,43,ASE15-evosuite,7,0,
patch1-Lang-43-CapGen.patch,correct,buggy,Lang,43,ASE15-evosuite,8,0,
patch1-Lang-43-CapGen.patch,correct,buggy,Lang,43,ASE15-evosuite,9,0,
patch2-Lang-43-CapGen.patch,correct,buggy,Lang,43,ASE15-evosuite,0,0,
patch2-Lang-43-CapGen.patch,correct,buggy,Lang,43,ASE15-evosuite,1,0,
patch2-Lang-43-CapGen.patch,correct,buggy,Lang,43,ASE15-evosuite,2,1,;test11
patch2-Lang-43-CapGen.patch,correct,buggy,Lang,43,ASE15-evosuite,3,0,
patch2-Lang-43-CapGen.patch,correct,buggy,Lang,43,ASE15-evosuite,4,0,
patch2-Lang-43-CapGen.patch,correct,buggy,Lang,43,ASE15-evosuite,5,0,
patch2-Lang-43-CapGen.patch,correct,buggy,Lang,43,ASE15-evosuite,6,0,
patch2-Lang-43-CapGen.patch,correct,buggy,Lang,43,ASE15-evosuite,7,0,
patch2-Lang-43-CapGen.patch,correct,buggy,Lang,43,ASE15-evosuite,8,0,
patch2-Lang-43-CapGen.patch,correct,buggy,Lang,43,ASE15-evosuite,9,0,
patch3-Lang-43-CapGen.patch,correct,buggy,Lang,43,ASE15-evosuite,0,0,
patch3-Lang-43-CapGen.patch,correct,buggy,Lang,43,ASE15-evosuite,1,0,
patch3-Lang-43-CapGen.patch,correct,buggy,Lang,43,ASE15-evosuite,2,0,
patch3-Lang-43-CapGen.patch,correct,buggy,Lang,43,ASE15-evosuite,3,0,
patch3-Lang-43-CapGen.patch,correct,buggy,Lang,43,ASE15-evosuite,4,0,
patch3-Lang-43-CapGen.patch,correct,buggy,Lang,43,ASE15-evosuite,5,0,
patch3-Lang-43-CapGen.patch,correct,buggy,Lang,43,ASE15-evosuite,6,0,
patch3-Lang-43-CapGen.patch,correct,buggy,Lang,43,ASE15-evosuite,7,0,
patch3-Lang-43-CapGen.patch,correct,buggy,Lang,43,ASE15-evosuite,8,0,
patch3-Lang-43-CapGen.patch,correct,buggy,Lang,43,ASE15-evosuite,9,0,
patch1-Lang-43-CapGen.patch,correct,fixed,Lang,43,ASE15-randoop,1,0,
patch1-Lang-43-CapGen.patch,correct,fixed,Lang,43,ASE15-randoop,2,0,
patch1-Lang-43-CapGen.patch,correct,fixed,Lang,43,ASE15-randoop,3,0,
patch1-Lang-43-CapGen.patch,correct,fixed,Lang,43,ASE15-randoop,4,0,
patch1-Lang-43-CapGen.patch,correct,fixed,Lang,43,ASE15-randoop,5,0,
patch1-Lang-43-CapGen.patch,correct,fixed,Lang,43,ASE15-randoop,6,0,
patch1-Lang-43-CapGen.patch,correct,fixed,Lang,43,ASE15-randoop,7,0,
patch1-Lang-43-CapGen.patch,correct,fixed,Lang,43,ASE15-randoop,8,No-Tests,
patch1-Lang-43-CapGen.patch,correct,fixed,Lang,43,ASE15-randoop,9,0,
patch1-Lang-43-CapGen.patch,correct,fixed,Lang,43,ASE15-randoop,10,0,
patch1-Lang-43-CapGen.patch,correct,buggy,Lang,43,ASE15-randoop,1,0,
patch1-Lang-43-CapGen.patch,correct,buggy,Lang,43,ASE15-randoop,2,0,
patch1-Lang-43-CapGen.patch,correct,buggy,Lang,43,ASE15-randoop,3,0,
patch1-Lang-43-CapGen.patch,correct,buggy,Lang,43,ASE15-randoop,4,0,
patch1-Lang-43-CapGen.patch,correct,buggy,Lang,43,ASE15-randoop,5,0,
patch1-Lang-43-CapGen.patch,correct,buggy,Lang,43,ASE15-randoop,6,0,
patch1-Lang-43-CapGen.patch,correct,buggy,Lang,43,ASE15-randoop,7,0,
patch1-Lang-43-CapGen.patch,correct,buggy,Lang,43,ASE15-randoop,8,No-Tests,
patch1-Lang-43-CapGen.patch,correct,buggy,Lang,43,ASE15-randoop,9,0,
patch1-Lang-43-CapGen.patch,correct,buggy,Lang,43,ASE15-randoop,10,0,
patch2-Lang-43-CapGen.patch,correct,buggy,Lang,43,ASE15-randoop,1,0,
patch2-Lang-43-CapGen.patch,correct,buggy,Lang,43,ASE15-randoop,2,0,
patch2-Lang-43-CapGen.patch,correct,buggy,Lang,43,ASE15-randoop,3,0,
patch2-Lang-43-CapGen.patch,correct,buggy,Lang,43,ASE15-randoop,4,0,
patch2-Lang-43-CapGen.patch,correct,buggy,Lang,43,ASE15-randoop,5,0,
patch2-Lang-43-CapGen.patch,correct,buggy,Lang,43,ASE15-randoop,6,0,
patch2-Lang-43-CapGen.patch,correct,buggy,Lang,43,ASE15-randoop,7,0,
patch2-Lang-43-CapGen.patch,correct,buggy,Lang,43,ASE15-randoop,8,No-Tests,
patch2-Lang-43-CapGen.patch,correct,buggy,Lang,43,ASE15-randoop,9,0,
patch2-Lang-43-CapGen.patch,correct,buggy,Lang,43,ASE15-randoop,10,0,
patch1-Lang-57-CapGen.patch,correct,buggy,Lang,57,ASE15-evosuite,0,0,
patch1-Lang-57-CapGen.patch,correct,buggy,Lang,57,ASE15-evosuite,1,0,
patch1-Lang-57-CapGen.patch,correct,buggy,Lang,57,ASE15-evosuite,2,0,
patch1-Lang-57-CapGen.patch,correct,buggy,Lang,57,ASE15-evosuite,3,0,
patch1-Lang-57-CapGen.patch,correct,buggy,Lang,57,ASE15-evosuite,4,0,
patch1-Lang-57-CapGen.patch,correct,buggy,Lang,57,ASE15-evosuite,5,0,
patch1-Lang-57-CapGen.patch,correct,buggy,Lang,57,ASE15-evosuite,6,0,
patch1-Lang-57-CapGen.patch,correct,buggy,Lang,57,ASE15-evosuite,7,0,
patch1-Lang-57-CapGen.patch,correct,buggy,Lang,57,ASE15-evosuite,8,0,
patch1-Lang-57-CapGen.patch,correct,buggy,Lang,57,ASE15-evosuite,9,0,
patch2-Lang-57-CapGen.patch,correct,buggy,Lang,57,ASE15-evosuite,0,0,
patch2-Lang-57-CapGen.patch,correct,buggy,Lang,57,ASE15-evosuite,1,0,
patch2-Lang-57-CapGen.patch,correct,buggy,Lang,57,ASE15-evosuite,2,0,
patch2-Lang-57-CapGen.patch,correct,buggy,Lang,57,ASE15-evosuite,3,0,
patch2-Lang-57-CapGen.patch,correct,buggy,Lang,57,ASE15-evosuite,4,0,
patch2-Lang-57-CapGen.patch,correct,buggy,Lang,57,ASE15-evosuite,5,0,
patch2-Lang-57-CapGen.patch,correct,buggy,Lang,57,ASE15-evosuite,6,0,
patch2-Lang-57-CapGen.patch,correct,buggy,Lang,57,ASE15-evosuite,7,0,
patch2-Lang-57-CapGen.patch,correct,buggy,Lang,57,ASE15-evosuite,8,0,
patch2-Lang-57-CapGen.patch,correct,buggy,Lang,57,ASE15-evosuite,9,0,
patch3-Lang-57-CapGen.patch,correct,buggy,Lang,57,ASE15-evosuite,0,0,
patch3-Lang-57-CapGen.patch,correct,buggy,Lang,57,ASE15-evosuite,1,0,
patch3-Lang-57-CapGen.patch,correct,buggy,Lang,57,ASE15-evosuite,2,0,
patch3-Lang-57-CapGen.patch,correct,buggy,Lang,57,ASE15-evosuite,3,0,
patch3-Lang-57-CapGen.patch,correct,buggy,Lang,57,ASE15-evosuite,4,0,
patch3-Lang-57-CapGen.patch,correct,buggy,Lang,57,ASE15-evosuite,5,0,
patch3-Lang-57-CapGen.patch,correct,buggy,Lang,57,ASE15-evosuite,6,0,
patch3-Lang-57-CapGen.patch,correct,buggy,Lang,57,ASE15-evosuite,7,0,
patch3-Lang-57-CapGen.patch,correct,buggy,Lang,57,ASE15-evosuite,8,0,
patch3-Lang-57-CapGen.patch,correct,buggy,Lang,57,ASE15-evosuite,9,0,
patch1-Math-65-CapGen.patch,correct,fixed,Math,65,ASE15-evosuite,0,0,
patch1-Math-65-CapGen.patch,correct,fixed,Math,65,ASE15-evosuite,1,0,
patch1-Math-65-CapGen.patch,correct,fixed,Math,65,ASE15-evosuite,2,0,
patch1-Math-65-CapGen.patch,correct,fixed,Math,65,ASE15-evosuite,3,0,
patch1-Math-65-CapGen.patch,correct,fixed,Math,65,ASE15-evosuite,4,0,
patch1-Math-65-CapGen.patch,correct,fixed,Math,65,ASE15-evosuite,5,0,
patch1-Math-65-CapGen.patch,correct,fixed,Math,65,ASE15-evosuite,6,0,
patch1-Math-65-CapGen.patch,correct,fixed,Math,65,ASE15-evosuite,7,0,
patch1-Math-65-CapGen.patch,correct,fixed,Math,65,ASE15-evosuite,8,0,
patch1-Math-65-CapGen.patch,correct,fixed,Math,65,ASE15-evosuite,9,0,
patch1-Math-65-CapGen.patch,correct,buggy,Math,65,ASE15-evosuite,0,0,
patch1-Math-65-CapGen.patch,correct,buggy,Math,65,ASE15-evosuite,1,0,
patch1-Math-65-CapGen.patch,correct,buggy,Math,65,ASE15-evosuite,2,0,
patch1-Math-65-CapGen.patch,correct,buggy,Math,65,ASE15-evosuite,3,0,
patch1-Math-65-CapGen.patch,correct,buggy,Math,65,ASE15-evosuite,4,0,
patch1-Math-65-CapGen.patch,correct,buggy,Math,65,ASE15-evosuite,5,0,
patch1-Math-65-CapGen.patch,correct,buggy,Math,65,ASE15-evosuite,6,0,
patch1-Math-65-CapGen.patch,correct,buggy,Math,65,ASE15-evosuite,7,0,
patch1-Math-65-CapGen.patch,correct,buggy,Math,65,ASE15-evosuite,8,0,
patch1-Math-65-CapGen.patch,correct,buggy,Math,65,ASE15-evosuite,9,0,