patch-Chart-20-ssFix.patch,correct,fixed,Chart,20,ASE15-evosuite,0,0,
patch-Chart-20-ssFix.patch,correct,fixed,Chart,20,ASE15-evosuite,1,0,
patch-Chart-20-ssFix.patch,correct,fixed,Chart,20,ASE15-evosuite,2,0,
patch-Chart-20-ssFix.patch,correct,fixed,Chart,20,ASE15-evosuite,3,0,
patch-Chart-20-ssFix.patch,correct,fixed,Chart,20,ASE15-evosuite,4,0,
patch-Chart-20-ssFix.patch,correct,fixed,Chart,20,ASE15-evosuite,5,0,
patch-Chart-20-ssFix.patch,correct,fixed,Chart,20,ASE15-evosuite,6,0,
patch-Chart-20-ssFix.patch,correct,fixed,Chart,20,ASE15-evosuite,7,0,
patch-Chart-20-ssFix.patch,correct,fixed,Chart,20,ASE15-evosuite,8,0,
patch-Chart-20-ssFix.patch,correct,fixed,Chart,20,ASE15-evosuite,9,0,
patch-Chart-20-ssFix.patch,correct,buggy,Chart,20,ASE15-evosuite,0,0,
patch-Chart-20-ssFix.patch,correct,buggy,Chart,20,ASE15-evosuite,1,0,
patch-Chart-20-ssFix.patch,correct,buggy,Chart,20,ASE15-evosuite,2,0,
patch-Chart-20-ssFix.patch,correct,buggy,Chart,20,ASE15-evosuite,3,0,
patch-Chart-20-ssFix.patch,correct,buggy,Chart,20,ASE15-evosuite,4,0,
patch-Chart-20-ssFix.patch,correct,buggy,Chart,20,ASE15-evosuite,5,0,
patch-Chart-20-ssFix.patch,correct,buggy,Chart,20,ASE15-evosuite,6,0,
patch-Chart-20-ssFix.patch,correct,buggy,Chart,20,ASE15-evosuite,7,0,
patch-Chart-20-ssFix.patch,correct,buggy,Chart,20,ASE15-evosuite,8,0,
patch-Chart-20-ssFix.patch,correct,buggy,Chart,20,ASE15-evosuite,9,0,
patch-Chart-20-ssFix.patch,correct,fixed,Chart,20,EMSE18-evosuite,0,No Tests,
patch-Chart-20-ssFix.patch,correct,buggy,Chart,20,EMSE18-evosuite,0,No Tests,
patch-Chart-24-ssFix.patch,correct,fixed,Chart,24,ASE15-evosuite,0,0,
patch-Chart-24-ssFix.patch,correct,fixed,Chart,24,ASE15-evosuite,1,0,
patch-Chart-24-ssFix.patch,correct,fixed,Chart,24,ASE15-evosuite,2,0,
patch-Chart-24-ssFix.patch,correct,fixed,Chart,24,ASE15-evosuite,3,0,
patch-Chart-24-ssFix.patch,correct,fixed,Chart,24,ASE15-evosuite,4,0,
patch-Chart-24-ssFix.patch,correct,fixed,Chart,24,ASE15-evosuite,5,0,
patch-Chart-24-ssFix.patch,correct,fixed,Chart,24,ASE15-evosuite,6,0,
patch-Chart-24-ssFix.patch,correct,fixed,Chart,24,ASE15-evosuite,7,0,
patch-Chart-24-ssFix.patch,correct,fixed,Chart,24,ASE15-evosuite,8,0,
patch-Chart-24-ssFix.patch,correct,fixed,Chart,24,ASE15-evosuite,9,0,
patch-Chart-24-ssFix.patch,correct,buggy,Chart,24,ASE15-evosuite,0,1,;test5
patch-Chart-24-ssFix.patch,correct,buggy,Chart,24,ASE15-evosuite,1,0,
patch-Chart-24-ssFix.patch,correct,buggy,Chart,24,ASE15-evosuite,2,1,;test6
patch-Chart-24-ssFix.patch,correct,buggy,Chart,24,ASE15-evosuite,3,0,
patch-Chart-24-ssFix.patch,correct,buggy,Chart,24,ASE15-evosuite,4,0,
patch-Chart-24-ssFix.patch,correct,buggy,Chart,24,ASE15-evosuite,5,0,
patch-Chart-24-ssFix.patch,correct,buggy,Chart,24,ASE15-evosuite,6,0,
patch-Chart-24-ssFix.patch,correct,buggy,Chart,24,ASE15-evosuite,7,0,
patch-Chart-24-ssFix.patch,correct,buggy,Chart,24,ASE15-evosuite,8,0,
patch-Chart-24-ssFix.patch,correct,buggy,Chart,24,ASE15-evosuite,9,1,;test6
patch-Chart-24-ssFix.patch,correct,fixed,Chart,24,EMSE18-evosuite,0,No Tests,
patch-Chart-24-ssFix.patch,correct,buggy,Chart,24,EMSE18-evosuite,0,No Tests,
patch-Closure-14-ssFix.patch,correct,fixed,Closure,14,ASE15-evosuite,0,0,
patch-Closure-14-ssFix.patch,correct,fixed,Closure,14,ASE15-evosuite,1,0,
patch-Closure-14-ssFix.patch,correct,fixed,Closure,14,ASE15-evosuite,2,0,
patch-Closure-14-ssFix.patch,correct,fixed,Closure,14,ASE15-evosuite,3,0,
patch-Closure-14-ssFix.patch,correct,fixed,Closure,14,ASE15-evosuite,4,0,
patch-Closure-14-ssFix.patch,correct,fixed,Closure,14,ASE15-evosuite,5,0,
patch-Closure-14-ssFix.patch,correct,fixed,Closure,14,ASE15-evosuite,6,0,
patch-Closure-14-ssFix.patch,correct,fixed,Closure,14,ASE15-evosuite,7,0,
patch-Closure-14-ssFix.patch,correct,fixed,Closure,14,ASE15-evosuite,8,0,
patch-Closure-14-ssFix.patch,correct,fixed,Closure,14,ASE15-evosuite,9,0,
patch-Closure-14-ssFix.patch,correct,buggy,Closure,14,ASE15-evosuite,0,0,
patch-Closure-14-ssFix.patch,correct,buggy,Closure,14,ASE15-evosuite,1,0,
patch-Closure-14-ssFix.patch,correct,buggy,Closure,14,ASE15-evosuite,2,0,
patch-Closure-14-ssFix.patch,correct,buggy,Closure,14,ASE15-evosuite,3,0,
patch-Closure-14-ssFix.patch,correct,buggy,Closure,14,ASE15-evosuite,4,0,
patch-Closure-14-ssFix.patch,correct,buggy,Closure,14,ASE15-evosuite,5,0,
patch-Closure-14-ssFix.patch,correct,buggy,Closure,14,ASE15-evosuite,6,0,
patch-Closure-14-ssFix.patch,correct,buggy,Closure,14,ASE15-evosuite,7,0,
patch-Closure-14-ssFix.patch,correct,buggy,Closure,14,ASE15-evosuite,8,0,
patch-Closure-14-ssFix.patch,correct,buggy,Closure,14,ASE15-evosuite,9,0,
patch-Closure-14-ssFix.patch,correct,fixed,Closure,14,EMSE18-evosuite,0,No Tests,
patch-Closure-14-ssFix.patch,correct,buggy,Closure,14,EMSE18-evosuite,0,No Tests,
patch-Lang-21-ssFix.patch,correct,fixed,Lang,21,ASE15-evosuite,0,No Tests,
patch-Lang-21-ssFix.patch,correct,buggy,Lang,21,ASE15-evosuite,0,No Tests,
patch-Lang-21-ssFix.patch,correct,fixed,Lang,21,EMSE18-evosuite,0,No Tests,
patch-Lang-21-ssFix.patch,correct,buggy,Lang,21,EMSE18-evosuite,0,No Tests,
patch-Lang-33-ssFix.patch,correct,fixed,Lang,33,ASE15-evosuite,0,No Tests,
patch-Lang-33-ssFix.patch,correct,buggy,Lang,33,ASE15-evosuite,0,No Tests,
patch-Lang-33-ssFix.patch,correct,fixed,Lang,33,EMSE18-evosuite,0,No Tests,
patch-Lang-33-ssFix.patch,correct,buggy,Lang,33,EMSE18-evosuite,0,No Tests,
patch-Lang-43-ssFix.patch,correct,fixed,Lang,43,ASE15-evosuite,0,0,
patch-Lang-43-ssFix.patch,correct,fixed,Lang,43,ASE15-evosuite,1,0,
patch-Lang-43-ssFix.patch,correct,fixed,Lang,43,ASE15-evosuite,2,0,
patch-Lang-43-ssFix.patch,correct,fixed,Lang,43,ASE15-evosuite,3,0,
patch-Lang-43-ssFix.patch,correct,fixed,Lang,43,ASE15-evosuite,4,0,
patch-Lang-43-ssFix.patch,correct,fixed,Lang,43,ASE15-evosuite,5,0,
patch-Lang-43-ssFix.patch,correct,fixed,Lang,43,ASE15-evosuite,6,0,
patch-Lang-43-ssFix.patch,correct,fixed,Lang,43,ASE15-evosuite,7,0,
patch-Lang-43-ssFix.patch,correct,fixed,Lang,43,ASE15-evosuite,8,0,
patch-Lang-43-ssFix.patch,correct,fixed,Lang,43,ASE15-evosuite,9,0,
patch-Lang-43-ssFix.patch,correct,buggy,Lang,43,ASE15-evosuite,0,0,
patch-Lang-43-ssFix.patch,correct,buggy,Lang,43,ASE15-evosuite,1,0,
patch-Lang-43-ssFix.patch,correct,buggy,Lang,43,ASE15-evosuite,2,0,
patch-Lang-43-ssFix.patch,correct,buggy,Lang,43,ASE15-evosuite,3,0,
patch-Lang-43-ssFix.patch,correct,buggy,Lang,43,ASE15-evosuite,4,0,
patch-Lang-43-ssFix.patch,correct,buggy,Lang,43,ASE15-evosuite,5,0,
patch-Lang-43-ssFix.patch,correct,buggy,Lang,43,ASE15-evosuite,6,0,
patch-Lang-43-ssFix.patch,correct,buggy,Lang,43,ASE15-evosuite,7,0,
patch-Lang-43-ssFix.patch,correct,buggy,Lang,43,ASE15-evosuite,8,0,
patch-Lang-43-ssFix.patch,correct,buggy,Lang,43,ASE15-evosuite,9,0,
patch-Lang-43-ssFix.patch,correct,fixed,Lang,43,EMSE18-evosuite,0,No Tests,
patch-Lang-43-ssFix.patch,correct,buggy,Lang,43,EMSE18-evosuite,0,No Tests,
patch-Lang-59-ssFix.patch,correct,fixed,Lang,59,ASE15-evosuite,0,0,
patch-Lang-59-ssFix.patch,correct,fixed,Lang,59,ASE15-evosuite,1,0,
patch-Lang-59-ssFix.patch,correct,fixed,Lang,59,ASE15-evosuite,2,0,
patch-Lang-59-ssFix.patch,correct,fixed,Lang,59,ASE15-evosuite,3,0,
patch-Lang-59-ssFix.patch,correct,fixed,Lang,59,ASE15-evosuite,4,0,
patch-Lang-59-ssFix.patch,correct,fixed,Lang,59,ASE15-evosuite,5,0,
patch-Lang-59-ssFix.patch,correct,fixed,Lang,59,ASE15-evosuite,6,0,
patch-Lang-59-ssFix.patch,correct,fixed,Lang,59,ASE15-evosuite,7,0,
patch-Lang-59-ssFix.patch,correct,fixed,Lang,59,ASE15-evosuite,8,0,
patch-Lang-59-ssFix.patch,correct,fixed,Lang,59,ASE15-evosuite,9,0,
patch-Lang-59-ssFix.patch,correct,buggy,Lang,59,ASE15-evosuite,0,0,
patch-Lang-59-ssFix.patch,correct,buggy,Lang,59,ASE15-evosuite,1,0,
patch-Lang-59-ssFix.patch,correct,buggy,Lang,59,ASE15-evosuite,2,0,
patch-Lang-59-ssFix.patch,correct,buggy,Lang,59,ASE15-evosuite,3,0,
patch-Lang-59-ssFix.patch,correct,buggy,Lang,59,ASE15-evosuite,4,0,
patch-Lang-59-ssFix.patch,correct,buggy,Lang,59,ASE15-evosuite,5,0,
patch-Lang-59-ssFix.patch,correct,buggy,Lang,59,ASE15-evosuite,6,0,
patch-Lang-59-ssFix.patch,correct,buggy,Lang,59,ASE15-evosuite,7,0,
patch-Lang-59-ssFix.patch,correct,buggy,Lang,59,ASE15-evosuite,8,0,
patch-Lang-59-ssFix.patch,correct,buggy,Lang,59,ASE15-evosuite,9,0,
patch-Lang-59-ssFix.patch,correct,fixed,Lang,59,EMSE18-evosuite,0,No Tests,
patch-Lang-59-ssFix.patch,correct,buggy,Lang,59,EMSE18-evosuite,0,No Tests,
patch-Lang-6-ssFix.patch,correct,fixed,Lang,6,ASE15-evosuite,0,0,
patch-Lang-6-ssFix.patch,correct,fixed,Lang,6,ASE15-evosuite,1,0,
patch-Lang-6-ssFix.patch,correct,fixed,Lang,6,ASE15-evosuite,2,0,
patch-Lang-6-ssFix.patch,correct,fixed,Lang,6,ASE15-evosuite,3,0,
patch-Lang-6-ssFix.patch,correct,fixed,Lang,6,ASE15-evosuite,4,0,
patch-Lang-6-ssFix.patch,correct,fixed,Lang,6,ASE15-evosuite,5,0,
patch-Lang-6-ssFix.patch,correct,fixed,Lang,6,ASE15-evosuite,6,0,
patch-Lang-6-ssFix.patch,correct,fixed,Lang,6,ASE15-evosuite,7,0,
patch-Lang-6-ssFix.patch,correct,fixed,Lang,6,ASE15-evosuite,8,0,
patch-Lang-6-ssFix.patch,correct,fixed,Lang,6,ASE15-evosuite,9,0,
patch-Lang-6-ssFix.patch,correct,buggy,Lang,6,ASE15-evosuite,0,0,
patch-Lang-6-ssFix.patch,correct,buggy,Lang,6,ASE15-evosuite,1,0,
patch-Lang-6-ssFix.patch,correct,buggy,Lang,6,ASE15-evosuite,2,0,
patch-Lang-6-ssFix.patch,correct,buggy,Lang,6,ASE15-evosuite,3,0,
patch-Lang-6-ssFix.patch,correct,buggy,Lang,6,ASE15-evosuite,4,0,
patch-Lang-6-ssFix.patch,correct,buggy,Lang,6,ASE15-evosuite,5,0,
patch-Lang-6-ssFix.patch,correct,buggy,Lang,6,ASE15-evosuite,6,0,
patch-Lang-6-ssFix.patch,correct,buggy,Lang,6,ASE15-evosuite,7,0,
patch-Lang-6-ssFix.patch,correct,buggy,Lang,6,ASE15-evosuite,8,0,
patch-Lang-6-ssFix.patch,correct,buggy,Lang,6,ASE15-evosuite,9,0,
patch-Lang-6-ssFix.patch,correct,fixed,Lang,6,EMSE18-evosuite,0,No Tests,
patch-Lang-6-ssFix.patch,correct,buggy,Lang,6,EMSE18-evosuite,0,No Tests,
patch-Math-33-ssFix.patch,correct,fixed,Math,33,ASE15-evosuite,0,0,
patch-Math-33-ssFix.patch,correct,fixed,Math,33,ASE15-evosuite,1,0,
patch-Math-33-ssFix.patch,correct,fixed,Math,33,ASE15-evosuite,2,0,
patch-Math-33-ssFix.patch,correct,fixed,Math,33,ASE15-evosuite,3,0,
patch-Math-33-ssFix.patch,correct,fixed,Math,33,ASE15-evosuite,4,0,
patch-Math-33-ssFix.patch,correct,fixed,Math,33,ASE15-evosuite,5,0,
patch-Math-33-ssFix.patch,correct,fixed,Math,33,ASE15-evosuite,6,0,
patch-Math-33-ssFix.patch,correct,fixed,Math,33,ASE15-evosuite,7,0,
patch-Math-33-ssFix.patch,correct,fixed,Math,33,ASE15-evosuite,8,0,
patch-Math-33-ssFix.patch,correct,fixed,Math,33,ASE15-evosuite,9,0,
patch-Math-33-ssFix.patch,correct,buggy,Math,33,ASE15-evosuite,0,0,
patch-Math-33-ssFix.patch,correct,buggy,Math,33,ASE15-evosuite,1,0,
patch-Math-33-ssFix.patch,correct,buggy,Math,33,ASE15-evosuite,2,0,
patch-Math-33-ssFix.patch,correct,buggy,Math,33,ASE15-evosuite,3,0,
patch-Math-33-ssFix.patch,correct,buggy,Math,33,ASE15-evosuite,4,0,
patch-Math-33-ssFix.patch,correct,buggy,Math,33,ASE15-evosuite,5,0,
patch-Math-33-ssFix.patch,correct,buggy,Math,33,ASE15-evosuite,6,0,
patch-Math-33-ssFix.patch,correct,buggy,Math,33,ASE15-evosuite,7,0,
patch-Math-33-ssFix.patch,correct,buggy,Math,33,ASE15-evosuite,8,0,
patch-Math-33-ssFix.patch,correct,buggy,Math,33,ASE15-evosuite,9,0,
patch-Math-33-ssFix.patch,correct,fixed,Math,33,EMSE18-evosuite,0,0,
patch-Math-33-ssFix.patch,correct,fixed,Math,33,EMSE18-evosuite,1,0,
patch-Math-33-ssFix.patch,correct,fixed,Math,33,EMSE18-evosuite,2,0,
patch-Math-33-ssFix.patch,correct,fixed,Math,33,EMSE18-evosuite,3,0,
patch-Math-33-ssFix.patch,correct,fixed,Math,33,EMSE18-evosuite,4,0,
patch-Math-33-ssFix.patch,correct,fixed,Math,33,EMSE18-evosuite,5,0,
patch-Math-33-ssFix.patch,correct,fixed,Math,33,EMSE18-evosuite,6,0,
patch-Math-33-ssFix.patch,correct,fixed,Math,33,EMSE18-evosuite,7,0,
patch-Math-33-ssFix.patch,correct,fixed,Math,33,EMSE18-evosuite,8,0,
patch-Math-33-ssFix.patch,correct,fixed,Math,33,EMSE18-evosuite,9,0,
patch-Math-33-ssFix.patch,correct,fixed,Math,33,EMSE18-evosuite,10,0,
patch-Math-33-ssFix.patch,correct,fixed,Math,33,EMSE18-evosuite,11,0,
patch-Math-33-ssFix.patch,correct,fixed,Math,33,EMSE18-evosuite,12,0,
patch-Math-33-ssFix.patch,correct,fixed,Math,33,EMSE18-evosuite,13,0,
patch-Math-33-ssFix.patch,correct,fixed,Math,33,EMSE18-evosuite,14,0,
patch-Math-33-ssFix.patch,correct,fixed,Math,33,EMSE18-evosuite,15,0,
patch-Math-33-ssFix.patch,correct,fixed,Math,33,EMSE18-evosuite,16,0,
patch-Math-33-ssFix.patch,correct,fixed,Math,33,EMSE18-evosuite,17,0,
patch-Math-33-ssFix.patch,correct,fixed,Math,33,EMSE18-evosuite,18,0,
patch-Math-33-ssFix.patch,correct,fixed,Math,33,EMSE18-evosuite,19,0,
patch-Math-33-ssFix.patch,correct,fixed,Math,33,EMSE18-evosuite,20,0,
patch-Math-33-ssFix.patch,correct,fixed,Math,33,EMSE18-evosuite,21,0,
patch-Math-33-ssFix.patch,correct,fixed,Math,33,EMSE18-evosuite,22,0,
patch-Math-33-ssFix.patch,correct,fixed,Math,33,EMSE18-evosuite,23,0,
patch-Math-33-ssFix.patch,correct,fixed,Math,33,EMSE18-evosuite,24,0,
patch-Math-33-ssFix.patch,correct,fixed,Math,33,EMSE18-evosuite,25,0,
patch-Math-33-ssFix.patch,correct,fixed,Math,33,EMSE18-evosuite,26,0,
patch-Math-33-ssFix.patch,correct,fixed,Math,33,EMSE18-evosuite,27,0,
patch-Math-33-ssFix.patch,correct,fixed,Math,33,EMSE18-evosuite,28,0,
patch-Math-33-ssFix.patch,correct,fixed,Math,33,EMSE18-evosuite,29,0,
patch-Math-33-ssFix.patch,correct,buggy,Math,33,EMSE18-evosuite,0,0,
patch-Math-33-ssFix.patch,correct,buggy,Math,33,EMSE18-evosuite,1,0,
patch-Math-33-ssFix.patch,correct,buggy,Math,33,EMSE18-evosuite,2,0,
patch-Math-33-ssFix.patch,correct,buggy,Math,33,EMSE18-evosuite,3,0,
patch-Math-33-ssFix.patch,correct,buggy,Math,33,EMSE18-evosuite,4,0,
patch-Math-33-ssFix.patch,correct,buggy,Math,33,EMSE18-evosuite,5,0,
patch-Math-33-ssFix.patch,correct,buggy,Math,33,EMSE18-evosuite,6,0,
patch-Math-33-ssFix.patch,correct,buggy,Math,33,EMSE18-evosuite,7,0,
patch-Math-33-ssFix.patch,correct,buggy,Math,33,EMSE18-evosuite,8,0,
patch-Math-33-ssFix.patch,correct,buggy,Math,33,EMSE18-evosuite,9,0,
patch-Math-33-ssFix.patch,correct,buggy,Math,33,EMSE18-evosuite,10,0,
patch-Math-33-ssFix.patch,correct,buggy,Math,33,EMSE18-evosuite,11,0,
patch-Math-33-ssFix.patch,correct,buggy,Math,33,EMSE18-evosuite,12,0,
patch-Math-33-ssFix.patch,correct,buggy,Math,33,EMSE18-evosuite,13,0,
patch-Math-33-ssFix.patch,correct,buggy,Math,33,EMSE18-evosuite,14,0,
patch-Math-33-ssFix.patch,correct,buggy,Math,33,EMSE18-evosuite,15,0,
patch-Math-33-ssFix.patch,correct,buggy,Math,33,EMSE18-evosuite,16,0,
patch-Math-33-ssFix.patch,correct,buggy,Math,33,EMSE18-evosuite,17,0,
patch-Math-33-ssFix.patch,correct,buggy,Math,33,EMSE18-evosuite,18,0,
patch-Math-33-ssFix.patch,correct,buggy,Math,33,EMSE18-evosuite,19,0,
patch-Math-33-ssFix.patch,correct,buggy,Math,33,EMSE18-evosuite,20,0,
patch-Math-33-ssFix.patch,correct,buggy,Math,33,EMSE18-evosuite,21,0,
patch-Math-33-ssFix.patch,correct,buggy,Math,33,EMSE18-evosuite,22,0,
patch-Math-33-ssFix.patch,correct,buggy,Math,33,EMSE18-evosuite,23,0,
patch-Math-33-ssFix.patch,correct,buggy,Math,33,EMSE18-evosuite,24,0,
patch-Math-33-ssFix.patch,correct,buggy,Math,33,EMSE18-evosuite,25,0,
patch-Math-33-ssFix.patch,correct,buggy,Math,33,EMSE18-evosuite,26,0,
patch-Math-33-ssFix.patch,correct,buggy,Math,33,EMSE18-evosuite,27,0,
patch-Math-33-ssFix.patch,correct,buggy,Math,33,EMSE18-evosuite,28,0,
patch-Math-33-ssFix.patch,correct,buggy,Math,33,EMSE18-evosuite,29,0,
patch-Math-41-ssFix.patch,correct,fixed,Math,41,ASE15-evosuite,0,0,
patch-Math-41-ssFix.patch,correct,fixed,Math,41,ASE15-evosuite,1,0,
patch-Math-41-ssFix.patch,correct,fixed,Math,41,ASE15-evosuite,2,0,
patch-Math-41-ssFix.patch,correct,fixed,Math,41,ASE15-evosuite,3,0,
patch-Math-41-ssFix.patch,correct,fixed,Math,41,ASE15-evosuite,4,0,
patch-Math-41-ssFix.patch,correct,fixed,Math,41,ASE15-evosuite,5,0,
patch-Math-41-ssFix.patch,correct,fixed,Math,41,ASE15-evosuite,6,0,
patch-Math-41-ssFix.patch,correct,fixed,Math,41,ASE15-evosuite,7,0,
patch-Math-41-ssFix.patch,correct,fixed,Math,41,ASE15-evosuite,8,0,
patch-Math-41-ssFix.patch,correct,fixed,Math,41,ASE15-evosuite,9,0,
patch-Math-41-ssFix.patch,correct,buggy,Math,41,ASE15-evosuite,0,0,
patch-Math-41-ssFix.patch,correct,buggy,Math,41,ASE15-evosuite,1,0,
patch-Math-41-ssFix.patch,correct,buggy,Math,41,ASE15-evosuite,2,0,
patch-Math-41-ssFix.patch,correct,buggy,Math,41,ASE15-evosuite,3,0,
patch-Math-41-ssFix.patch,correct,buggy,Math,41,ASE15-evosuite,4,0,
patch-Math-41-ssFix.patch,correct,buggy,Math,41,ASE15-evosuite,5,0,
patch-Math-41-ssFix.patch,correct,buggy,Math,41,ASE15-evosuite,6,0,
patch-Math-41-ssFix.patch,correct,buggy,Math,41,ASE15-evosuite,7,0,
patch-Math-41-ssFix.patch,correct,buggy,Math,41,ASE15-evosuite,8,0,
patch-Math-41-ssFix.patch,correct,buggy,Math,41,ASE15-evosuite,9,0,
patch-Math-41-ssFix.patch,correct,fixed,Math,41,EMSE18-evosuite,0,No Tests,
patch-Math-41-ssFix.patch,correct,buggy,Math,41,EMSE18-evosuite,0,No Tests,
patch-Math-50-ssFix.patch,correct,fixed,Math,50,ASE15-evosuite,0,0,
patch-Math-50-ssFix.patch,correct,fixed,Math,50,ASE15-evosuite,1,0,
patch-Math-50-ssFix.patch,correct,fixed,Math,50,ASE15-evosuite,2,0,
patch-Math-50-ssFix.patch,correct,fixed,Math,50,ASE15-evosuite,3,0,
patch-Math-50-ssFix.patch,correct,fixed,Math,50,ASE15-evosuite,4,0,
patch-Math-50-ssFix.patch,correct,fixed,Math,50,ASE15-evosuite,5,0,
patch-Math-50-ssFix.patch,correct,fixed,Math,50,ASE15-evosuite,6,0,
patch-Math-50-ssFix.patch,correct,fixed,Math,50,ASE15-evosuite,7,0,
patch-Math-50-ssFix.patch,correct,fixed,Math,50,ASE15-evosuite,8,0,
patch-Math-50-ssFix.patch,correct,fixed,Math,50,ASE15-evosuite,9,0,
patch-Math-50-ssFix.patch,correct,buggy,Math,50,ASE15-evosuite,0,0,
patch-Math-50-ssFix.patch,correct,buggy,Math,50,ASE15-evosuite,1,0,
patch-Math-50-ssFix.patch,correct,buggy,Math,50,ASE15-evosuite,2,0,
patch-Math-50-ssFix.patch,correct,buggy,Math,50,ASE15-evosuite,3,0,
patch-Math-50-ssFix.patch,correct,buggy,Math,50,ASE15-evosuite,4,0,
patch-Math-50-ssFix.patch,correct,buggy,Math,50,ASE15-evosuite,5,0,
patch-Math-50-ssFix.patch,correct,buggy,Math,50,ASE15-evosuite,6,0,
patch-Math-50-ssFix.patch,correct,buggy,Math,50,ASE15-evosuite,7,0,
patch-Math-50-ssFix.patch,correct,buggy,Math,50,ASE15-evosuite,8,0,
patch-Math-50-ssFix.patch,correct,buggy,Math,50,ASE15-evosuite,9,0,
patch-Math-50-ssFix.patch,correct,fixed,Math,50,EMSE18-evosuite,0,0,
patch-Math-50-ssFix.patch,correct,fixed,Math,50,EMSE18-evosuite,1,0,
patch-Math-50-ssFix.patch,correct,fixed,Math,50,EMSE18-evosuite,2,0,
patch-Math-50-ssFix.patch,correct,fixed,Math,50,EMSE18-evosuite,3,0,
patch-Math-50-ssFix.patch,correct,fixed,Math,50,EMSE18-evosuite,4,0,
patch-Math-50-ssFix.patch,correct,fixed,Math,50,EMSE18-evosuite,5,0,
patch-Math-50-ssFix.patch,correct,fixed,Math,50,EMSE18-evosuite,6,0,
patch-Math-50-ssFix.patch,correct,fixed,Math,50,EMSE18-evosuite,7,0,
patch-Math-50-ssFix.patch,correct,fixed,Math,50,EMSE18-evosuite,8,0,
patch-Math-50-ssFix.patch,correct,fixed,Math,50,EMSE18-evosuite,9,0,
patch-Math-50-ssFix.patch,correct,fixed,Math,50,EMSE18-evosuite,10,0,
patch-Math-50-ssFix.patch,correct,fixed,Math,50,EMSE18-evosuite,11,0,
patch-Math-50-ssFix.patch,correct,fixed,Math,50,EMSE18-evosuite,12,0,
patch-Math-50-ssFix.patch,correct,fixed,Math,50,EMSE18-evosuite,13,0,
patch-Math-50-ssFix.patch,correct,fixed,Math,50,EMSE18-evosuite,14,0,
patch-Math-50-ssFix.patch,correct,fixed,Math,50,EMSE18-evosuite,15,0,
patch-Math-50-ssFix.patch,correct,fixed,Math,50,EMSE18-evosuite,16,0,
patch-Math-50-ssFix.patch,correct,fixed,Math,50,EMSE18-evosuite,17,0,
patch-Math-50-ssFix.patch,correct,fixed,Math,50,EMSE18-evosuite,18,0,
patch-Math-50-ssFix.patch,correct,fixed,Math,50,EMSE18-evosuite,19,0,
patch-Math-50-ssFix.patch,correct,fixed,Math,50,EMSE18-evosuite,20,0,
patch-Math-50-ssFix.patch,correct,fixed,Math,50,EMSE18-evosuite,21,0,
patch-Math-50-ssFix.patch,correct,fixed,Math,50,EMSE18-evosuite,22,0,
patch-Math-50-ssFix.patch,correct,fixed,Math,50,EMSE18-evosuite,23,0,
patch-Math-50-ssFix.patch,correct,fixed,Math,50,EMSE18-evosuite,24,0,
patch-Math-50-ssFix.patch,correct,fixed,Math,50,EMSE18-evosuite,25,0,
patch-Math-50-ssFix.patch,correct,fixed,Math,50,EMSE18-evosuite,26,0,
patch-Math-50-ssFix.patch,correct,fixed,Math,50,EMSE18-evosuite,27,0,
patch-Math-50-ssFix.patch,correct,fixed,Math,50,EMSE18-evosuite,28,0,
patch-Math-50-ssFix.patch,correct,fixed,Math,50,EMSE18-evosuite,29,0,
patch-Math-50-ssFix.patch,correct,buggy,Math,50,EMSE18-evosuite,0,2,;test19;test32
patch-Math-50-ssFix.patch,correct,buggy,Math,50,EMSE18-evosuite,1,2,;test06;test30
patch-Math-50-ssFix.patch,correct,buggy,Math,50,EMSE18-evosuite,2,2,;test25;test30
patch-Math-50-ssFix.patch,correct,buggy,Math,50,EMSE18-evosuite,3,2,;test22;test27
patch-Math-50-ssFix.patch,correct,buggy,Math,50,EMSE18-evosuite,4,1,;test23
patch-Math-50-ssFix.patch,correct,buggy,Math,50,EMSE18-evosuite,5,0,
patch-Math-50-ssFix.patch,correct,buggy,Math,50,EMSE18-evosuite,6,1,;test28
patch-Math-50-ssFix.patch,correct,buggy,Math,50,EMSE18-evosuite,7,2,;test22;test31
patch-Math-50-ssFix.patch,correct,buggy,Math,50,EMSE18-evosuite,8,1,;test30
patch-Math-50-ssFix.patch,correct,buggy,Math,50,EMSE18-evosuite,9,1,;test19
patch-Math-50-ssFix.patch,correct,buggy,Math,50,EMSE18-evosuite,10,1,;test32
patch-Math-50-ssFix.patch,correct,buggy,Math,50,EMSE18-evosuite,11,2,;test22;test26
patch-Math-50-ssFix.patch,correct,buggy,Math,50,EMSE18-evosuite,12,1,;test28
patch-Math-50-ssFix.patch,correct,buggy,Math,50,EMSE18-evosuite,13,1,;test32
patch-Math-50-ssFix.patch,correct,buggy,Math,50,EMSE18-evosuite,14,1,;test04
patch-Math-50-ssFix.patch,correct,buggy,Math,50,EMSE18-evosuite,15,1,;test17
patch-Math-50-ssFix.patch,correct,buggy,Math,50,EMSE18-evosuite,16,0,
patch-Math-50-ssFix.patch,correct,buggy,Math,50,EMSE18-evosuite,17,0,
patch-Math-50-ssFix.patch,correct,buggy,Math,50,EMSE18-evosuite,18,0,
patch-Math-50-ssFix.patch,correct,buggy,Math,50,EMSE18-evosuite,19,0,
patch-Math-50-ssFix.patch,correct,buggy,Math,50,EMSE18-evosuite,20,0,
patch-Math-50-ssFix.patch,correct,buggy,Math,50,EMSE18-evosuite,21,0,
patch-Math-50-ssFix.patch,correct,buggy,Math,50,EMSE18-evosuite,22,0,
patch-Math-50-ssFix.patch,correct,buggy,Math,50,EMSE18-evosuite,23,0,
patch-Math-50-ssFix.patch,correct,buggy,Math,50,EMSE18-evosuite,24,0,
patch-Math-50-ssFix.patch,correct,buggy,Math,50,EMSE18-evosuite,25,0,
patch-Math-50-ssFix.patch,correct,buggy,Math,50,EMSE18-evosuite,26,0,
patch-Math-50-ssFix.patch,correct,buggy,Math,50,EMSE18-evosuite,27,0,
patch-Math-50-ssFix.patch,correct,buggy,Math,50,EMSE18-evosuite,28,0,
patch-Math-50-ssFix.patch,correct,buggy,Math,50,EMSE18-evosuite,29,0,
patch-Math-53-ssFix.patch,correct,fixed,Math,53,ASE15-evosuite,0,0,
patch-Math-53-ssFix.patch,correct,fixed,Math,53,ASE15-evosuite,1,0,
patch-Math-53-ssFix.patch,correct,fixed,Math,53,ASE15-evosuite,2,0,
patch-Math-53-ssFix.patch,correct,fixed,Math,53,ASE15-evosuite,3,0,
patch-Math-53-ssFix.patch,correct,fixed,Math,53,ASE15-evosuite,4,0,
patch-Math-53-ssFix.patch,correct,fixed,Math,53,ASE15-evosuite,5,0,
patch-Math-53-ssFix.patch,correct,fixed,Math,53,ASE15-evosuite,6,0,
patch-Math-53-ssFix.patch,correct,fixed,Math,53,ASE15-evosuite,7,0,
patch-Math-53-ssFix.patch,correct,fixed,Math,53,ASE15-evosuite,8,0,
patch-Math-53-ssFix.patch,correct,fixed,Math,53,ASE15-evosuite,9,0,
patch-Math-53-ssFix.patch,correct,buggy,Math,53,ASE15-evosuite,0,0,
patch-Math-53-ssFix.patch,correct,buggy,Math,53,ASE15-evosuite,1,0,
patch-Math-53-ssFix.patch,correct,buggy,Math,53,ASE15-evosuite,2,0,
patch-Math-53-ssFix.patch,correct,buggy,Math,53,ASE15-evosuite,3,0,
patch-Math-53-ssFix.patch,correct,buggy,Math,53,ASE15-evosuite,4,0,
patch-Math-53-ssFix.patch,correct,buggy,Math,53,ASE15-evosuite,5,0,
patch-Math-53-ssFix.patch,correct,buggy,Math,53,ASE15-evosuite,6,0,
patch-Math-53-ssFix.patch,correct,buggy,Math,53,ASE15-evosuite,7,0,
patch-Math-53-ssFix.patch,correct,buggy,Math,53,ASE15-evosuite,8,0,
patch-Math-53-ssFix.patch,correct,buggy,Math,53,ASE15-evosuite,9,0,
patch-Math-53-ssFix.patch,correct,fixed,Math,53,EMSE18-evosuite,0,0,
patch-Math-53-ssFix.patch,correct,fixed,Math,53,EMSE18-evosuite,1,0,
patch-Math-53-ssFix.patch,correct,fixed,Math,53,EMSE18-evosuite,2,0,
patch-Math-53-ssFix.patch,correct,fixed,Math,53,EMSE18-evosuite,3,0,
patch-Math-53-ssFix.patch,correct,fixed,Math,53,EMSE18-evosuite,4,0,
patch-Math-53-ssFix.patch,correct,fixed,Math,53,EMSE18-evosuite,5,0,
patch-Math-53-ssFix.patch,correct,fixed,Math,53,EMSE18-evosuite,6,0,
patch-Math-53-ssFix.patch,correct,fixed,Math,53,EMSE18-evosuite,7,0,
patch-Math-53-ssFix.patch,correct,fixed,Math,53,EMSE18-evosuite,8,0,
patch-Math-53-ssFix.patch,correct,fixed,Math,53,EMSE18-evosuite,9,0,
patch-Math-53-ssFix.patch,correct,fixed,Math,53,EMSE18-evosuite,10,0,
patch-Math-53-ssFix.patch,correct,fixed,Math,53,EMSE18-evosuite,11,0,
patch-Math-53-ssFix.patch,correct,fixed,Math,53,EMSE18-evosuite,12,0,
patch-Math-53-ssFix.patch,correct,fixed,Math,53,EMSE18-evosuite,13,0,
patch-Math-53-ssFix.patch,correct,fixed,Math,53,EMSE18-evosuite,14,0,
patch-Math-53-ssFix.patch,correct,fixed,Math,53,EMSE18-evosuite,15,0,
patch-Math-53-ssFix.patch,correct,fixed,Math,53,EMSE18-evosuite,16,0,
patch-Math-53-ssFix.patch,correct,fixed,Math,53,EMSE18-evosuite,17,0,
patch-Math-53-ssFix.patch,correct,fixed,Math,53,EMSE18-evosuite,18,0,
patch-Math-53-ssFix.patch,correct,fixed,Math,53,EMSE18-evosuite,19,0,
patch-Math-53-ssFix.patch,correct,fixed,Math,53,EMSE18-evosuite,20,0,
patch-Math-53-ssFix.patch,correct,fixed,Math,53,EMSE18-evosuite,21,0,
patch-Math-53-ssFix.patch,correct,fixed,Math,53,EMSE18-evosuite,22,0,
patch-Math-53-ssFix.patch,correct,fixed,Math,53,EMSE18-evosuite,23,0,
patch-Math-53-ssFix.patch,correct,fixed,Math,53,EMSE18-evosuite,24,0,
patch-Math-53-ssFix.patch,correct,fixed,Math,53,EMSE18-evosuite,25,0,
patch-Math-53-ssFix.patch,correct,fixed,Math,53,EMSE18-evosuite,26,0,
patch-Math-53-ssFix.patch,correct,fixed,Math,53,EMSE18-evosuite,27,0,
patch-Math-53-ssFix.patch,correct,fixed,Math,53,EMSE18-evosuite,28,0,
patch-Math-53-ssFix.patch,correct,fixed,Math,53,EMSE18-evosuite,29,0,
patch-Math-53-ssFix.patch,correct,buggy,Math,53,EMSE18-evosuite,0,0,
patch-Math-53-ssFix.patch,correct,buggy,Math,53,EMSE18-evosuite,1,0,
patch-Math-53-ssFix.patch,correct,buggy,Math,53,EMSE18-evosuite,2,0,
patch-Math-53-ssFix.patch,correct,buggy,Math,53,EMSE18-evosuite,3,0,
patch-Math-53-ssFix.patch,correct,buggy,Math,53,EMSE18-evosuite,4,0,
patch-Math-53-ssFix.patch,correct,buggy,Math,53,EMSE18-evosuite,5,0,
patch-Math-53-ssFix.patch,correct,buggy,Math,53,EMSE18-evosuite,6,0,
patch-Math-53-ssFix.patch,correct,buggy,Math,53,EMSE18-evosuite,7,0,
patch-Math-53-ssFix.patch,correct,buggy,Math,53,EMSE18-evosuite,8,0,
patch-Math-53-ssFix.patch,correct,buggy,Math,53,EMSE18-evosuite,9,0,
patch-Math-53-ssFix.patch,correct,buggy,Math,53,EMSE18-evosuite,10,0,
patch-Math-53-ssFix.patch,correct,buggy,Math,53,EMSE18-evosuite,11,0,
patch-Math-53-ssFix.patch,correct,buggy,Math,53,EMSE18-evosuite,12,0,
patch-Math-53-ssFix.patch,correct,buggy,Math,53,EMSE18-evosuite,13,0,
patch-Math-53-ssFix.patch,correct,buggy,Math,53,EMSE18-evosuite,14,0,
patch-Math-53-ssFix.patch,correct,buggy,Math,53,EMSE18-evosuite,15,0,
patch-Math-53-ssFix.patch,correct,buggy,Math,53,EMSE18-evosuite,16,0,
patch-Math-53-ssFix.patch,correct,buggy,Math,53,EMSE18-evosuite,17,0,
patch-Math-53-ssFix.patch,correct,buggy,Math,53,EMSE18-evosuite,18,0,
patch-Math-53-ssFix.patch,correct,buggy,Math,53,EMSE18-evosuite,19,0,
patch-Math-53-ssFix.patch,correct,buggy,Math,53,EMSE18-evosuite,20,0,
patch-Math-53-ssFix.patch,correct,buggy,Math,53,EMSE18-evosuite,21,0,
patch-Math-53-ssFix.patch,correct,buggy,Math,53,EMSE18-evosuite,22,0,
patch-Math-53-ssFix.patch,correct,buggy,Math,53,EMSE18-evosuite,23,0,
patch-Math-53-ssFix.patch,correct,buggy,Math,53,EMSE18-evosuite,24,0,
patch-Math-53-ssFix.patch,correct,buggy,Math,53,EMSE18-evosuite,25,0,
patch-Math-53-ssFix.patch,correct,buggy,Math,53,EMSE18-evosuite,26,0,
patch-Math-53-ssFix.patch,correct,buggy,Math,53,EMSE18-evosuite,27,0,
patch-Math-53-ssFix.patch,correct,buggy,Math,53,EMSE18-evosuite,28,0,
patch-Math-53-ssFix.patch,correct,buggy,Math,53,EMSE18-evosuite,29,0,
patch-Math-57-ssFix.patch,correct,fixed,Math,57,ASE15-evosuite,0,No Tests,
patch-Math-57-ssFix.patch,correct,buggy,Math,57,ASE15-evosuite,0,No Tests,
patch-Math-57-ssFix.patch,correct,fixed,Math,57,EMSE18-evosuite,0,0,
patch-Math-57-ssFix.patch,correct,fixed,Math,57,EMSE18-evosuite,1,0,
patch-Math-57-ssFix.patch,correct,fixed,Math,57,EMSE18-evosuite,2,0,
patch-Math-57-ssFix.patch,correct,fixed,Math,57,EMSE18-evosuite,3,0,
patch-Math-57-ssFix.patch,correct,fixed,Math,57,EMSE18-evosuite,4,0,
patch-Math-57-ssFix.patch,correct,fixed,Math,57,EMSE18-evosuite,5,0,
patch-Math-57-ssFix.patch,correct,fixed,Math,57,EMSE18-evosuite,6,0,
patch-Math-57-ssFix.patch,correct,fixed,Math,57,EMSE18-evosuite,7,0,
patch-Math-57-ssFix.patch,correct,fixed,Math,57,EMSE18-evosuite,8,0,
patch-Math-57-ssFix.patch,correct,fixed,Math,57,EMSE18-evosuite,9,0,
patch-Math-57-ssFix.patch,correct,fixed,Math,57,EMSE18-evosuite,10,0,
patch-Math-57-ssFix.patch,correct,fixed,Math,57,EMSE18-evosuite,11,0,
patch-Math-57-ssFix.patch,correct,fixed,Math,57,EMSE18-evosuite,12,0,
patch-Math-57-ssFix.patch,correct,fixed,Math,57,EMSE18-evosuite,13,0,
patch-Math-57-ssFix.patch,correct,fixed,Math,57,EMSE18-evosuite,14,0,
patch-Math-57-ssFix.patch,correct,fixed,Math,57,EMSE18-evosuite,15,0,
patch-Math-57-ssFix.patch,correct,fixed,Math,57,EMSE18-evosuite,16,0,
patch-Math-57-ssFix.patch,correct,fixed,Math,57,EMSE18-evosuite,17,0,
patch-Math-57-ssFix.patch,correct,fixed,Math,57,EMSE18-evosuite,18,0,
patch-Math-57-ssFix.patch,correct,fixed,Math,57,EMSE18-evosuite,19,0,
patch-Math-57-ssFix.patch,correct,fixed,Math,57,EMSE18-evosuite,20,0,
patch-Math-57-ssFix.patch,correct,fixed,Math,57,EMSE18-evosuite,21,0,
patch-Math-57-ssFix.patch,correct,fixed,Math,57,EMSE18-evosuite,22,0,
patch-Math-57-ssFix.patch,correct,fixed,Math,57,EMSE18-evosuite,23,0,
patch-Math-57-ssFix.patch,correct,fixed,Math,57,EMSE18-evosuite,24,0,
patch-Math-57-ssFix.patch,correct,fixed,Math,57,EMSE18-evosuite,25,0,
patch-Math-57-ssFix.patch,correct,fixed,Math,57,EMSE18-evosuite,26,0,
patch-Math-57-ssFix.patch,correct,fixed,Math,57,EMSE18-evosuite,27,0,
patch-Math-57-ssFix.patch,correct,fixed,Math,57,EMSE18-evosuite,28,0,
patch-Math-57-ssFix.patch,correct,fixed,Math,57,EMSE18-evosuite,29,0,
patch-Math-57-ssFix.patch,correct,buggy,Math,57,EMSE18-evosuite,0,0,
patch-Math-57-ssFix.patch,correct,buggy,Math,57,EMSE18-evosuite,1,0,
patch-Math-57-ssFix.patch,correct,buggy,Math,57,EMSE18-evosuite,2,0,
patch-Math-57-ssFix.patch,correct,buggy,Math,57,EMSE18-evosuite,3,0,
patch-Math-57-ssFix.patch,correct,buggy,Math,57,EMSE18-evosuite,4,0,
patch-Math-57-ssFix.patch,correct,buggy,Math,57,EMSE18-evosuite,5,0,
patch-Math-57-ssFix.patch,correct,buggy,Math,57,EMSE18-evosuite,6,0,
patch-Math-57-ssFix.patch,correct,buggy,Math,57,EMSE18-evosuite,7,0,
patch-Math-57-ssFix.patch,correct,buggy,Math,57,EMSE18-evosuite,8,0,
patch-Math-57-ssFix.patch,correct,buggy,Math,57,EMSE18-evosuite,9,0,
patch-Math-57-ssFix.patch,correct,buggy,Math,57,EMSE18-evosuite,10,0,
patch-Math-57-ssFix.patch,correct,buggy,Math,57,EMSE18-evosuite,11,0,
patch-Math-57-ssFix.patch,correct,buggy,Math,57,EMSE18-evosuite,12,0,
patch-Math-57-ssFix.patch,correct,buggy,Math,57,EMSE18-evosuite,13,0,
patch-Math-57-ssFix.patch,correct,buggy,Math,57,EMSE18-evosuite,14,0,
patch-Math-57-ssFix.patch,correct,buggy,Math,57,EMSE18-evosuite,15,0,
patch-Math-57-ssFix.patch,correct,buggy,Math,57,EMSE18-evosuite,16,0,
patch-Math-57-ssFix.patch,correct,buggy,Math,57,EMSE18-evosuite,17,0,
patch-Math-57-ssFix.patch,correct,buggy,Math,57,EMSE18-evosuite,18,0,
patch-Math-57-ssFix.patch,correct,buggy,Math,57,EMSE18-evosuite,19,0,
patch-Math-57-ssFix.patch,correct,buggy,Math,57,EMSE18-evosuite,20,0,
patch-Math-57-ssFix.patch,correct,buggy,Math,57,EMSE18-evosuite,21,0,
patch-Math-57-ssFix.patch,correct,buggy,Math,57,EMSE18-evosuite,22,0,
patch-Math-57-ssFix.patch,correct,buggy,Math,57,EMSE18-evosuite,23,0,
patch-Math-57-ssFix.patch,correct,buggy,Math,57,EMSE18-evosuite,24,0,
patch-Math-57-ssFix.patch,correct,buggy,Math,57,EMSE18-evosuite,25,0,
patch-Math-57-ssFix.patch,correct,buggy,Math,57,EMSE18-evosuite,26,0,
patch-Math-57-ssFix.patch,correct,buggy,Math,57,EMSE18-evosuite,27,0,
patch-Math-57-ssFix.patch,correct,buggy,Math,57,EMSE18-evosuite,28,0,
patch-Math-57-ssFix.patch,correct,buggy,Math,57,EMSE18-evosuite,29,0,
patch-Math-59-ssFix.patch,correct,fixed,Math,59,ASE15-evosuite,0,0,
patch-Math-59-ssFix.patch,correct,fixed,Math,59,ASE15-evosuite,1,0,
patch-Math-59-ssFix.patch,correct,fixed,Math,59,ASE15-evosuite,2,0,
patch-Math-59-ssFix.patch,correct,fixed,Math,59,ASE15-evosuite,3,0,
patch-Math-59-ssFix.patch,correct,fixed,Math,59,ASE15-evosuite,4,0,
patch-Math-59-ssFix.patch,correct,fixed,Math,59,ASE15-evosuite,5,0,
patch-Math-59-ssFix.patch,correct,fixed,Math,59,ASE15-evosuite,6,0,
patch-Math-59-ssFix.patch,correct,fixed,Math,59,ASE15-evosuite,7,0,
patch-Math-59-ssFix.patch,correct,fixed,Math,59,ASE15-evosuite,8,0,
patch-Math-59-ssFix.patch,correct,fixed,Math,59,ASE15-evosuite,9,0,
patch-Math-59-ssFix.patch,correct,buggy,Math,59,ASE15-evosuite,0,0,
patch-Math-59-ssFix.patch,correct,buggy,Math,59,ASE15-evosuite,1,0,
patch-Math-59-ssFix.patch,correct,buggy,Math,59,ASE15-evosuite,2,0,
patch-Math-59-ssFix.patch,correct,buggy,Math,59,ASE15-evosuite,3,0,
patch-Math-59-ssFix.patch,correct,buggy,Math,59,ASE15-evosuite,4,0,
patch-Math-59-ssFix.patch,correct,buggy,Math,59,ASE15-evosuite,5,0,
patch-Math-59-ssFix.patch,correct,buggy,Math,59,ASE15-evosuite,6,0,
patch-Math-59-ssFix.patch,correct,buggy,Math,59,ASE15-evosuite,7,0,
patch-Math-59-ssFix.patch,correct,buggy,Math,59,ASE15-evosuite,8,0,
patch-Math-59-ssFix.patch,correct,buggy,Math,59,ASE15-evosuite,9,0,
patch-Math-59-ssFix.patch,correct,fixed,Math,59,EMSE18-evosuite,0,No Tests,
patch-Math-59-ssFix.patch,correct,buggy,Math,59,EMSE18-evosuite,0,No Tests,
patch-Math-70-ssFix.patch,correct,fixed,Math,70,ASE15-evosuite,0,0,
patch-Math-70-ssFix.patch,correct,fixed,Math,70,ASE15-evosuite,1,0,
patch-Math-70-ssFix.patch,correct,fixed,Math,70,ASE15-evosuite,2,0,
patch-Math-70-ssFix.patch,correct,fixed,Math,70,ASE15-evosuite,3,0,
patch-Math-70-ssFix.patch,correct,fixed,Math,70,ASE15-evosuite,4,0,
patch-Math-70-ssFix.patch,correct,fixed,Math,70,ASE15-evosuite,5,0,
patch-Math-70-ssFix.patch,correct,fixed,Math,70,ASE15-evosuite,6,0,
patch-Math-70-ssFix.patch,correct,fixed,Math,70,ASE15-evosuite,7,0,
patch-Math-70-ssFix.patch,correct,fixed,Math,70,ASE15-evosuite,8,0,
patch-Math-70-ssFix.patch,correct,fixed,Math,70,ASE15-evosuite,9,0,
patch-Math-70-ssFix.patch,correct,buggy,Math,70,ASE15-evosuite,0,0,
patch-Math-70-ssFix.patch,correct,buggy,Math,70,ASE15-evosuite,1,0,
patch-Math-70-ssFix.patch,correct,buggy,Math,70,ASE15-evosuite,2,0,
patch-Math-70-ssFix.patch,correct,buggy,Math,70,ASE15-evosuite,3,0,
patch-Math-70-ssFix.patch,correct,buggy,Math,70,ASE15-evosuite,4,0,
patch-Math-70-ssFix.patch,correct,buggy,Math,70,ASE15-evosuite,5,0,
patch-Math-70-ssFix.patch,correct,buggy,Math,70,ASE15-evosuite,6,0,
patch-Math-70-ssFix.patch,correct,buggy,Math,70,ASE15-evosuite,7,0,
patch-Math-70-ssFix.patch,correct,buggy,Math,70,ASE15-evosuite,8,0,
patch-Math-70-ssFix.patch,correct,buggy,Math,70,ASE15-evosuite,9,0,
patch-Math-70-ssFix.patch,correct,fixed,Math,70,EMSE18-evosuite,0,0,
patch-Math-70-ssFix.patch,correct,fixed,Math,70,EMSE18-evosuite,1,0,
patch-Math-70-ssFix.patch,correct,fixed,Math,70,EMSE18-evosuite,2,0,
patch-Math-70-ssFix.patch,correct,fixed,Math,70,EMSE18-evosuite,3,0,
patch-Math-70-ssFix.patch,correct,fixed,Math,70,EMSE18-evosuite,4,0,
patch-Math-70-ssFix.patch,correct,fixed,Math,70,EMSE18-evosuite,5,0,
patch-Math-70-ssFix.patch,correct,fixed,Math,70,EMSE18-evosuite,6,0,
patch-Math-70-ssFix.patch,correct,fixed,Math,70,EMSE18-evosuite,7,0,
patch-Math-70-ssFix.patch,correct,fixed,Math,70,EMSE18-evosuite,8,0,
patch-Math-70-ssFix.patch,correct,fixed,Math,70,EMSE18-evosuite,9,0,
patch-Math-70-ssFix.patch,correct,fixed,Math,70,EMSE18-evosuite,10,0,
patch-Math-70-ssFix.patch,correct,fixed,Math,70,EMSE18-evosuite,11,0,
patch-Math-70-ssFix.patch,correct,fixed,Math,70,EMSE18-evosuite,12,0,
patch-Math-70-ssFix.patch,correct,fixed,Math,70,EMSE18-evosuite,13,0,
patch-Math-70-ssFix.patch,correct,fixed,Math,70,EMSE18-evosuite,14,0,
patch-Math-70-ssFix.patch,correct,fixed,Math,70,EMSE18-evosuite,15,0,
patch-Math-70-ssFix.patch,correct,fixed,Math,70,EMSE18-evosuite,16,0,
patch-Math-70-ssFix.patch,correct,fixed,Math,70,EMSE18-evosuite,17,0,
patch-Math-70-ssFix.patch,correct,fixed,Math,70,EMSE18-evosuite,18,0,
patch-Math-70-ssFix.patch,correct,fixed,Math,70,EMSE18-evosuite,19,0,
patch-Math-70-ssFix.patch,correct,fixed,Math,70,EMSE18-evosuite,20,0,
patch-Math-70-ssFix.patch,correct,fixed,Math,70,EMSE18-evosuite,21,0,
patch-Math-70-ssFix.patch,correct,fixed,Math,70,EMSE18-evosuite,22,0,
patch-Math-70-ssFix.patch,correct,fixed,Math,70,EMSE18-evosuite,23,0,
patch-Math-70-ssFix.patch,correct,fixed,Math,70,EMSE18-evosuite,24,0,
patch-Math-70-ssFix.patch,correct,fixed,Math,70,EMSE18-evosuite,25,0,
patch-Math-70-ssFix.patch,correct,fixed,Math,70,EMSE18-evosuite,26,0,
patch-Math-70-ssFix.patch,correct,fixed,Math,70,EMSE18-evosuite,27,0,
patch-Math-70-ssFix.patch,correct,fixed,Math,70,EMSE18-evosuite,28,0,
patch-Math-70-ssFix.patch,correct,fixed,Math,70,EMSE18-evosuite,29,0,
patch-Math-70-ssFix.patch,correct,buggy,Math,70,EMSE18-evosuite,0,0,
patch-Math-70-ssFix.patch,correct,buggy,Math,70,EMSE18-evosuite,1,0,
patch-Math-70-ssFix.patch,correct,buggy,Math,70,EMSE18-evosuite,2,0,
patch-Math-70-ssFix.patch,correct,buggy,Math,70,EMSE18-evosuite,3,0,
patch-Math-70-ssFix.patch,correct,buggy,Math,70,EMSE18-evosuite,4,0,
patch-Math-70-ssFix.patch,correct,buggy,Math,70,EMSE18-evosuite,5,0,
patch-Math-70-ssFix.patch,correct,buggy,Math,70,EMSE18-evosuite,6,0,
patch-Math-70-ssFix.patch,correct,buggy,Math,70,EMSE18-evosuite,7,0,
patch-Math-70-ssFix.patch,correct,buggy,Math,70,EMSE18-evosuite,8,0,
patch-Math-70-ssFix.patch,correct,buggy,Math,70,EMSE18-evosuite,9,0,
patch-Math-70-ssFix.patch,correct,buggy,Math,70,EMSE18-evosuite,10,0,
patch-Math-70-ssFix.patch,correct,buggy,Math,70,EMSE18-evosuite,11,0,
patch-Math-70-ssFix.patch,correct,buggy,Math,70,EMSE18-evosuite,12,0,
patch-Math-70-ssFix.patch,correct,buggy,Math,70,EMSE18-evosuite,13,0,
patch-Math-70-ssFix.patch,correct,buggy,Math,70,EMSE18-evosuite,14,0,
patch-Math-70-ssFix.patch,correct,buggy,Math,70,EMSE18-evosuite,15,0,
patch-Math-70-ssFix.patch,correct,buggy,Math,70,EMSE18-evosuite,16,0,
patch-Math-70-ssFix.patch,correct,buggy,Math,70,EMSE18-evosuite,17,0,
patch-Math-70-ssFix.patch,correct,buggy,Math,70,EMSE18-evosuite,18,0,
patch-Math-70-ssFix.patch,correct,buggy,Math,70,EMSE18-evosuite,19,0,
patch-Math-70-ssFix.patch,correct,buggy,Math,70,EMSE18-evosuite,20,0,
patch-Math-70-ssFix.patch,correct,buggy,Math,70,EMSE18-evosuite,21,0,
patch-Math-70-ssFix.patch,correct,buggy,Math,70,EMSE18-evosuite,22,0,
patch-Math-70-ssFix.patch,correct,buggy,Math,70,EMSE18-evosuite,23,0,
patch-Math-70-ssFix.patch,correct,buggy,Math,70,EMSE18-evosuite,24,0,
patch-Math-70-ssFix.patch,correct,buggy,Math,70,EMSE18-evosuite,25,0,
patch-Math-70-ssFix.patch,correct,buggy,Math,70,EMSE18-evosuite,26,0,
patch-Math-70-ssFix.patch,correct,buggy,Math,70,EMSE18-evosuite,27,0,
patch-Math-70-ssFix.patch,correct,buggy,Math,70,EMSE18-evosuite,28,0,
patch-Math-70-ssFix.patch,correct,buggy,Math,70,EMSE18-evosuite,29,0,
patch-Math-80-ssFix.patch,correct,fixed,Math,80,ASE15-evosuite,0,0,
patch-Math-80-ssFix.patch,correct,fixed,Math,80,ASE15-evosuite,1,0,
patch-Math-80-ssFix.patch,correct,fixed,Math,80,ASE15-evosuite,2,0,
patch-Math-80-ssFix.patch,correct,fixed,Math,80,ASE15-evosuite,3,0,
patch-Math-80-ssFix.patch,correct,fixed,Math,80,ASE15-evosuite,4,0,
patch-Math-80-ssFix.patch,correct,fixed,Math,80,ASE15-evosuite,5,0,
patch-Math-80-ssFix.patch,correct,fixed,Math,80,ASE15-evosuite,6,0,
patch-Math-80-ssFix.patch,correct,fixed,Math,80,ASE15-evosuite,7,0,
patch-Math-80-ssFix.patch,correct,fixed,Math,80,ASE15-evosuite,8,0,
patch-Math-80-ssFix.patch,correct,fixed,Math,80,ASE15-evosuite,9,0,
patch-Math-80-ssFix.patch,correct,buggy,Math,80,ASE15-evosuite,0,0,
patch-Math-80-ssFix.patch,correct,buggy,Math,80,ASE15-evosuite,1,0,
patch-Math-80-ssFix.patch,correct,buggy,Math,80,ASE15-evosuite,2,0,
patch-Math-80-ssFix.patch,correct,buggy,Math,80,ASE15-evosuite,3,0,
patch-Math-80-ssFix.patch,correct,buggy,Math,80,ASE15-evosuite,4,0,
patch-Math-80-ssFix.patch,correct,buggy,Math,80,ASE15-evosuite,5,0,
patch-Math-80-ssFix.patch,correct,buggy,Math,80,ASE15-evosuite,6,0,
patch-Math-80-ssFix.patch,correct,buggy,Math,80,ASE15-evosuite,7,0,
patch-Math-80-ssFix.patch,correct,buggy,Math,80,ASE15-evosuite,8,0,
patch-Math-80-ssFix.patch,correct,buggy,Math,80,ASE15-evosuite,9,0,
patch-Math-80-ssFix.patch,correct,fixed,Math,80,EMSE18-evosuite,0,0,
patch-Math-80-ssFix.patch,correct,fixed,Math,80,EMSE18-evosuite,1,0,
patch-Math-80-ssFix.patch,correct,fixed,Math,80,EMSE18-evosuite,2,0,
patch-Math-80-ssFix.patch,correct,fixed,Math,80,EMSE18-evosuite,3,0,
patch-Math-80-ssFix.patch,correct,fixed,Math,80,EMSE18-evosuite,4,0,
patch-Math-80-ssFix.patch,correct,fixed,Math,80,EMSE18-evosuite,5,0,
patch-Math-80-ssFix.patch,correct,fixed,Math,80,EMSE18-evosuite,6,0,
patch-Math-80-ssFix.patch,correct,fixed,Math,80,EMSE18-evosuite,7,0,
patch-Math-80-ssFix.patch,correct,fixed,Math,80,EMSE18-evosuite,8,0,
patch-Math-80-ssFix.patch,correct,fixed,Math,80,EMSE18-evosuite,9,0,
patch-Math-80-ssFix.patch,correct,fixed,Math,80,EMSE18-evosuite,10,0,
patch-Math-80-ssFix.patch,correct,fixed,Math,80,EMSE18-evosuite,11,0,
patch-Math-80-ssFix.patch,correct,fixed,Math,80,EMSE18-evosuite,12,0,
patch-Math-80-ssFix.patch,correct,fixed,Math,80,EMSE18-evosuite,13,0,
patch-Math-80-ssFix.patch,correct,fixed,Math,80,EMSE18-evosuite,14,0,
patch-Math-80-ssFix.patch,correct,fixed,Math,80,EMSE18-evosuite,15,0,
patch-Math-80-ssFix.patch,correct,fixed,Math,80,EMSE18-evosuite,16,0,
patch-Math-80-ssFix.patch,correct,fixed,Math,80,EMSE18-evosuite,17,0,
patch-Math-80-ssFix.patch,correct,fixed,Math,80,EMSE18-evosuite,18,0,
patch-Math-80-ssFix.patch,correct,fixed,Math,80,EMSE18-evosuite,19,0,
patch-Math-80-ssFix.patch,correct,fixed,Math,80,EMSE18-evosuite,20,0,
patch-Math-80-ssFix.patch,correct,fixed,Math,80,EMSE18-evosuite,21,0,
patch-Math-80-ssFix.patch,correct,fixed,Math,80,EMSE18-evosuite,22,0,
patch-Math-80-ssFix.patch,correct,fixed,Math,80,EMSE18-evosuite,23,0,
patch-Math-80-ssFix.patch,correct,fixed,Math,80,EMSE18-evosuite,24,0,
patch-Math-80-ssFix.patch,correct,fixed,Math,80,EMSE18-evosuite,25,0,
patch-Math-80-ssFix.patch,correct,fixed,Math,80,EMSE18-evosuite,26,0,
patch-Math-80-ssFix.patch,correct,fixed,Math,80,EMSE18-evosuite,27,0,
patch-Math-80-ssFix.patch,correct,fixed,Math,80,EMSE18-evosuite,28,0,
patch-Math-80-ssFix.patch,correct,fixed,Math,80,EMSE18-evosuite,29,0,
patch-Math-80-ssFix.patch,correct,buggy,Math,80,EMSE18-evosuite,0,0,
patch-Math-80-ssFix.patch,correct,buggy,Math,80,EMSE18-evosuite,1,0,
patch-Math-80-ssFix.patch,correct,buggy,Math,80,EMSE18-evosuite,2,0,
patch-Math-80-ssFix.patch,correct,buggy,Math,80,EMSE18-evosuite,3,0,
patch-Math-80-ssFix.patch,correct,buggy,Math,80,EMSE18-evosuite,4,0,
patch-Math-80-ssFix.patch,correct,buggy,Math,80,EMSE18-evosuite,5,0,
patch-Math-80-ssFix.patch,correct,buggy,Math,80,EMSE18-evosuite,6,0,
patch-Math-80-ssFix.patch,correct,buggy,Math,80,EMSE18-evosuite,7,0,
patch-Math-80-ssFix.patch,correct,buggy,Math,80,EMSE18-evosuite,8,0,
patch-Math-80-ssFix.patch,correct,buggy,Math,80,EMSE18-evosuite,9,0,
patch-Math-80-ssFix.patch,correct,buggy,Math,80,EMSE18-evosuite,10,0,
patch-Math-80-ssFix.patch,correct,buggy,Math,80,EMSE18-evosuite,11,0,
patch-Math-80-ssFix.patch,correct,buggy,Math,80,EMSE18-evosuite,12,0,
patch-Math-80-ssFix.patch,correct,buggy,Math,80,EMSE18-evosuite,13,0,
patch-Math-80-ssFix.patch,correct,buggy,Math,80,EMSE18-evosuite,14,0,
patch-Math-80-ssFix.patch,correct,buggy,Math,80,EMSE18-evosuite,15,0,
patch-Math-80-ssFix.patch,correct,buggy,Math,80,EMSE18-evosuite,16,0,
patch-Math-80-ssFix.patch,correct,buggy,Math,80,EMSE18-evosuite,17,0,
patch-Math-80-ssFix.patch,correct,buggy,Math,80,EMSE18-evosuite,18,0,
patch-Math-80-ssFix.patch,correct,buggy,Math,80,EMSE18-evosuite,19,0,
patch-Math-80-ssFix.patch,correct,buggy,Math,80,EMSE18-evosuite,20,0,
patch-Math-80-ssFix.patch,correct,buggy,Math,80,EMSE18-evosuite,21,0,
patch-Math-80-ssFix.patch,correct,buggy,Math,80,EMSE18-evosuite,22,0,
patch-Math-80-ssFix.patch,correct,buggy,Math,80,EMSE18-evosuite,23,0,
patch-Math-80-ssFix.patch,correct,buggy,Math,80,EMSE18-evosuite,24,0,
patch-Math-80-ssFix.patch,correct,buggy,Math,80,EMSE18-evosuite,25,0,
patch-Math-80-ssFix.patch,correct,buggy,Math,80,EMSE18-evosuite,26,0,
patch-Math-80-ssFix.patch,correct,buggy,Math,80,EMSE18-evosuite,27,0,
patch-Math-80-ssFix.patch,correct,buggy,Math,80,EMSE18-evosuite,28,0,
patch-Math-80-ssFix.patch,correct,buggy,Math,80,EMSE18-evosuite,29,0,
patch-Chart-20-ssFix.patch,correct,fixed,Chart,20,ASE15-randoop,1,0,
patch-Chart-20-ssFix.patch,correct,fixed,Chart,20,ASE15-randoop,2,0,
patch-Chart-20-ssFix.patch,correct,fixed,Chart,20,ASE15-randoop,3,0,
patch-Chart-20-ssFix.patch,correct,fixed,Chart,20,ASE15-randoop,4,0,
patch-Chart-20-ssFix.patch,correct,fixed,Chart,20,ASE15-randoop,5,0,
patch-Chart-20-ssFix.patch,correct,fixed,Chart,20,ASE15-randoop,6,0,
patch-Chart-20-ssFix.patch,correct,fixed,Chart,20,ASE15-randoop,7,0,
patch-Chart-20-ssFix.patch,correct,fixed,Chart,20,ASE15-randoop,8,0,
patch-Chart-20-ssFix.patch,correct,fixed,Chart,20,ASE15-randoop,9,0,
patch-Chart-20-ssFix.patch,correct,fixed,Chart,20,ASE15-randoop,10,0,
patch-Chart-20-ssFix.patch,correct,buggy,Chart,20,ASE15-randoop,1,0,
patch-Chart-20-ssFix.patch,correct,buggy,Chart,20,ASE15-randoop,2,0,
patch-Chart-20-ssFix.patch,correct,buggy,Chart,20,ASE15-randoop,3,0,
patch-Chart-20-ssFix.patch,correct,buggy,Chart,20,ASE15-randoop,4,0,
patch-Chart-20-ssFix.patch,correct,buggy,Chart,20,ASE15-randoop,5,0,
patch-Chart-20-ssFix.patch,correct,buggy,Chart,20,ASE15-randoop,6,0,
patch-Chart-20-ssFix.patch,correct,buggy,Chart,20,ASE15-randoop,7,0,
patch-Chart-20-ssFix.patch,correct,buggy,Chart,20,ASE15-randoop,8,0,
patch-Chart-20-ssFix.patch,correct,buggy,Chart,20,ASE15-randoop,9,0,
patch-Chart-20-ssFix.patch,correct,buggy,Chart,20,ASE15-randoop,10,0,
patch-Chart-24-ssFix.patch,correct,fixed,Chart,24,ASE15-randoop,1,0,
patch-Chart-24-ssFix.patch,correct,fixed,Chart,24,ASE15-randoop,2,0,
patch-Chart-24-ssFix.patch,correct,fixed,Chart,24,ASE15-randoop,3,0,
patch-Chart-24-ssFix.patch,correct,fixed,Chart,24,ASE15-randoop,4,0,
patch-Chart-24-ssFix.patch,correct,fixed,Chart,24,ASE15-randoop,5,0,
patch-Chart-24-ssFix.patch,correct,fixed,Chart,24,ASE15-randoop,6,0,
patch-Chart-24-ssFix.patch,correct,fixed,Chart,24,ASE15-randoop,7,0,
patch-Chart-24-ssFix.patch,correct,fixed,Chart,24,ASE15-randoop,8,0,
patch-Chart-24-ssFix.patch,correct,fixed,Chart,24,ASE15-randoop,9,0,
patch-Chart-24-ssFix.patch,correct,fixed,Chart,24,ASE15-randoop,10,0,
patch-Closure-14-ssFix.patch,correct,fixed,Closure,14,ASE15-randoop,1,0,
patch-Closure-14-ssFix.patch,correct,fixed,Closure,14,ASE15-randoop,2,0,
patch-Closure-14-ssFix.patch,correct,fixed,Closure,14,ASE15-randoop,3,0,
patch-Closure-14-ssFix.patch,correct,fixed,Closure,14,ASE15-randoop,4,0,
patch-Closure-14-ssFix.patch,correct,fixed,Closure,14,ASE15-randoop,5,0,
patch-Closure-14-ssFix.patch,correct,fixed,Closure,14,ASE15-randoop,6,0,
patch-Closure-14-ssFix.patch,correct,fixed,Closure,14,ASE15-randoop,7,0,
patch-Closure-14-ssFix.patch,correct,fixed,Closure,14,ASE15-randoop,8,0,
patch-Closure-14-ssFix.patch,correct,fixed,Closure,14,ASE15-randoop,9,0,
patch-Closure-14-ssFix.patch,correct,fixed,Closure,14,ASE15-randoop,10,0,
patch-Closure-14-ssFix.patch,correct,buggy,Closure,14,ASE15-randoop,1,0,
patch-Closure-14-ssFix.patch,correct,buggy,Closure,14,ASE15-randoop,2,0,
patch-Closure-14-ssFix.patch,correct,buggy,Closure,14,ASE15-randoop,3,0,
patch-Closure-14-ssFix.patch,correct,buggy,Closure,14,ASE15-randoop,4,0,
patch-Closure-14-ssFix.patch,correct,buggy,Closure,14,ASE15-randoop,5,0,
patch-Closure-14-ssFix.patch,correct,buggy,Closure,14,ASE15-randoop,6,0,
patch-Closure-14-ssFix.patch,correct,buggy,Closure,14,ASE15-randoop,7,0,
patch-Closure-14-ssFix.patch,correct,buggy,Closure,14,ASE15-randoop,8,0,
patch-Closure-14-ssFix.patch,correct,buggy,Closure,14,ASE15-randoop,9,0,
patch-Closure-14-ssFix.patch,correct,buggy,Closure,14,ASE15-randoop,10,0,
patch-Lang-21-ssFix.patch,correct,fixed,Lang,21,ASE15-randoop,1,0,
patch-Lang-21-ssFix.patch,correct,fixed,Lang,21,ASE15-randoop,2,0,
patch-Lang-21-ssFix.patch,correct,fixed,Lang,21,ASE15-randoop,3,0,
patch-Lang-21-ssFix.patch,correct,fixed,Lang,21,ASE15-randoop,4,0,
patch-Lang-21-ssFix.patch,correct,fixed,Lang,21,ASE15-randoop,5,0,
patch-Lang-21-ssFix.patch,correct,fixed,Lang,21,ASE15-randoop,6,0,
patch-Lang-21-ssFix.patch,correct,fixed,Lang,21,ASE15-randoop,7,0,
patch-Lang-21-ssFix.patch,correct,fixed,Lang,21,ASE15-randoop,8,0,
patch-Lang-21-ssFix.patch,correct,fixed,Lang,21,ASE15-randoop,9,0,
patch-Lang-21-ssFix.patch,correct,fixed,Lang,21,ASE15-randoop,10,0,
patch-Lang-33-ssFix.patch,correct,fixed,Lang,33,ASE15-randoop,1,0,
patch-Lang-33-ssFix.patch,correct,fixed,Lang,33,ASE15-randoop,2,0,
patch-Lang-33-ssFix.patch,correct,fixed,Lang,33,ASE15-randoop,3,0,
patch-Lang-33-ssFix.patch,correct,fixed,Lang,33,ASE15-randoop,4,0,
patch-Lang-33-ssFix.patch,correct,fixed,Lang,33,ASE15-randoop,5,0,
patch-Lang-33-ssFix.patch,correct,fixed,Lang,33,ASE15-randoop,6,0,
patch-Lang-33-ssFix.patch,correct,fixed,Lang,33,ASE15-randoop,7,0,
patch-Lang-33-ssFix.patch,correct,fixed,Lang,33,ASE15-randoop,8,0,
patch-Lang-33-ssFix.patch,correct,fixed,Lang,33,ASE15-randoop,9,0,
patch-Lang-33-ssFix.patch,correct,fixed,Lang,33,ASE15-randoop,10,0,
patch-Lang-33-ssFix.patch,correct,buggy,Lang,33,ASE15-randoop,1,0,
patch-Lang-33-ssFix.patch,correct,buggy,Lang,33,ASE15-randoop,2,0,
patch-Lang-33-ssFix.patch,correct,buggy,Lang,33,ASE15-randoop,3,0,
patch-Lang-33-ssFix.patch,correct,buggy,Lang,33,ASE15-randoop,4,0,
patch-Lang-33-ssFix.patch,correct,buggy,Lang,33,ASE15-randoop,5,0,
patch-Lang-33-ssFix.patch,correct,buggy,Lang,33,ASE15-randoop,6,0,
patch-Lang-33-ssFix.patch,correct,buggy,Lang,33,ASE15-randoop,7,0,
patch-Lang-33-ssFix.patch,correct,buggy,Lang,33,ASE15-randoop,8,0,
patch-Lang-33-ssFix.patch,correct,buggy,Lang,33,ASE15-randoop,9,0,
patch-Lang-33-ssFix.patch,correct,buggy,Lang,33,ASE15-randoop,10,0,
patch-Lang-43-ssFix.patch,correct,fixed,Lang,43,ASE15-randoop,1,0,
patch-Lang-43-ssFix.patch,correct,fixed,Lang,43,ASE15-randoop,2,0,
patch-Lang-43-ssFix.patch,correct,fixed,Lang,43,ASE15-randoop,3,0,
patch-Lang-43-ssFix.patch,correct,fixed,Lang,43,ASE15-randoop,4,0,
patch-Lang-43-ssFix.patch,correct,fixed,Lang,43,ASE15-randoop,5,0,
patch-Lang-43-ssFix.patch,correct,fixed,Lang,43,ASE15-randoop,6,0,
patch-Lang-43-ssFix.patch,correct,fixed,Lang,43,ASE15-randoop,7,0,
patch-Lang-43-ssFix.patch,correct,fixed,Lang,43,ASE15-randoop,8,No-Tests,
patch-Lang-43-ssFix.patch,correct,fixed,Lang,43,ASE15-randoop,9,0,
patch-Lang-43-ssFix.patch,correct,fixed,Lang,43,ASE15-randoop,10,0,
patch-Lang-43-ssFix.patch,correct,buggy,Lang,43,ASE15-randoop,1,0,
patch-Lang-43-ssFix.patch,correct,buggy,Lang,43,ASE15-randoop,2,0,
patch-Lang-43-ssFix.patch,correct,buggy,Lang,43,ASE15-randoop,3,0,
patch-Lang-43-ssFix.patch,correct,buggy,Lang,43,ASE15-randoop,4,0,
patch-Lang-43-ssFix.patch,correct,buggy,Lang,43,ASE15-randoop,5,0,
patch-Lang-43-ssFix.patch,correct,buggy,Lang,43,ASE15-randoop,6,0,
patch-Lang-43-ssFix.patch,correct,buggy,Lang,43,ASE15-randoop,7,0,
patch-Lang-43-ssFix.patch,correct,buggy,Lang,43,ASE15-randoop,8,No-Tests,
patch-Lang-43-ssFix.patch,correct,buggy,Lang,43,ASE15-randoop,9,0,
patch-Lang-43-ssFix.patch,correct,buggy,Lang,43,ASE15-randoop,10,0,
patch-Lang-59-ssFix.patch,correct,fixed,Lang,59,ASE15-randoop,1,No-Tests,
patch-Lang-59-ssFix.patch,correct,fixed,Lang,59,ASE15-randoop,2,No-Tests,
patch-Lang-59-ssFix.patch,correct,fixed,Lang,59,ASE15-randoop,3,No-Tests,
patch-Lang-59-ssFix.patch,correct,fixed,Lang,59,ASE15-randoop,4,No-Tests,
patch-Lang-59-ssFix.patch,correct,fixed,Lang,59,ASE15-randoop,5,No-Tests,
patch-Lang-59-ssFix.patch,correct,fixed,Lang,59,ASE15-randoop,6,No-Tests,
patch-Lang-59-ssFix.patch,correct,fixed,Lang,59,ASE15-randoop,7,No-Tests,
patch-Lang-59-ssFix.patch,correct,fixed,Lang,59,ASE15-randoop,8,No-Tests,
patch-Lang-59-ssFix.patch,correct,fixed,Lang,59,ASE15-randoop,9,No-Tests,
patch-Lang-59-ssFix.patch,correct,fixed,Lang,59,ASE15-randoop,10,No-Tests,
patch-Lang-59-ssFix.patch,correct,buggy,Lang,59,ASE15-randoop,1,No-Tests,
patch-Lang-59-ssFix.patch,correct,buggy,Lang,59,ASE15-randoop,2,No-Tests,
patch-Lang-59-ssFix.patch,correct,buggy,Lang,59,ASE15-randoop,3,No-Tests,
patch-Lang-59-ssFix.patch,correct,buggy,Lang,59,ASE15-randoop,4,No-Tests,
patch-Lang-59-ssFix.patch,correct,buggy,Lang,59,ASE15-randoop,5,No-Tests,
patch-Lang-59-ssFix.patch,correct,buggy,Lang,59,ASE15-randoop,6,No-Tests,
patch-Lang-59-ssFix.patch,correct,buggy,Lang,59,ASE15-randoop,7,No-Tests,
patch-Lang-59-ssFix.patch,correct,buggy,Lang,59,ASE15-randoop,8,No-Tests,
patch-Lang-59-ssFix.patch,correct,buggy,Lang,59,ASE15-randoop,9,No-Tests,
patch-Lang-59-ssFix.patch,correct,buggy,Lang,59,ASE15-randoop,10,No-Tests,
patch-Lang-6-ssFix.patch,correct,fixed,Lang,6,ASE15-randoop,1,0,
patch-Lang-6-ssFix.patch,correct,fixed,Lang,6,ASE15-randoop,2,0,
patch-Lang-6-ssFix.patch,correct,fixed,Lang,6,ASE15-randoop,3,0,
patch-Lang-6-ssFix.patch,correct,fixed,Lang,6,ASE15-randoop,4,0,
patch-Lang-6-ssFix.patch,correct,fixed,Lang,6,ASE15-randoop,5,0,
patch-Lang-6-ssFix.patch,correct,fixed,Lang,6,ASE15-randoop,6,0,
patch-Lang-6-ssFix.patch,correct,fixed,Lang,6,ASE15-randoop,7,0,
patch-Lang-6-ssFix.patch,correct,fixed,Lang,6,ASE15-randoop,8,0,
patch-Lang-6-ssFix.patch,correct,fixed,Lang,6,ASE15-randoop,9,0,
patch-Lang-6-ssFix.patch,correct,fixed,Lang,6,ASE15-randoop,10,0,
patch-Lang-6-ssFix.patch,correct,buggy,Lang,6,ASE15-randoop,1,0,
patch-Lang-6-ssFix.patch,correct,buggy,Lang,6,ASE15-randoop,2,0,
patch-Lang-6-ssFix.patch,correct,buggy,Lang,6,ASE15-randoop,3,0,
patch-Lang-6-ssFix.patch,correct,buggy,Lang,6,ASE15-randoop,4,0,
patch-Lang-6-ssFix.patch,correct,buggy,Lang,6,ASE15-randoop,5,0,
patch-Lang-6-ssFix.patch,correct,buggy,Lang,6,ASE15-randoop,6,0,
patch-Lang-6-ssFix.patch,correct,buggy,Lang,6,ASE15-randoop,7,0,
patch-Lang-6-ssFix.patch,correct,buggy,Lang,6,ASE15-randoop,8,0,
patch-Lang-6-ssFix.patch,correct,buggy,Lang,6,ASE15-randoop,9,0,
patch-Lang-6-ssFix.patch,correct,buggy,Lang,6,ASE15-randoop,10,0,
patch-Math-33-ssFix.patch,correct,fixed,Math,33,ASE15-randoop,1,0,
patch-Math-33-ssFix.patch,correct,fixed,Math,33,ASE15-randoop,2,0,
patch-Math-33-ssFix.patch,correct,fixed,Math,33,ASE15-randoop,3,0,
patch-Math-33-ssFix.patch,correct,fixed,Math,33,ASE15-randoop,4,No-Tests,
patch-Math-33-ssFix.patch,correct,fixed,Math,33,ASE15-randoop,5,0,
patch-Math-33-ssFix.patch,correct,fixed,Math,33,ASE15-randoop,6,0,
patch-Math-33-ssFix.patch,correct,fixed,Math,33,ASE15-randoop,7,0,
patch-Math-33-ssFix.patch,correct,fixed,Math,33,ASE15-randoop,8,0,
patch-Math-33-ssFix.patch,correct,fixed,Math,33,ASE15-randoop,9,0,
patch-Math-33-ssFix.patch,correct,fixed,Math,33,ASE15-randoop,10,0,
patch-Math-33-ssFix.patch,correct,buggy,Math,33,ASE15-randoop,1,0,
patch-Math-33-ssFix.patch,correct,buggy,Math,33,ASE15-randoop,2,0,
patch-Math-33-ssFix.patch,correct,buggy,Math,33,ASE15-randoop,3,0,
patch-Math-33-ssFix.patch,correct,buggy,Math,33,ASE15-randoop,4,No-Tests,
patch-Math-33-ssFix.patch,correct,buggy,Math,33,ASE15-randoop,5,0,
patch-Math-33-ssFix.patch,correct,buggy,Math,33,ASE15-randoop,6,0,
patch-Math-33-ssFix.patch,correct,buggy,Math,33,ASE15-randoop,7,0,
patch-Math-33-ssFix.patch,correct,buggy,Math,33,ASE15-randoop,8,0,
patch-Math-33-ssFix.patch,correct,buggy,Math,33,ASE15-randoop,9,0,
patch-Math-33-ssFix.patch,correct,buggy,Math,33,ASE15-randoop,10,0,
patch-Math-41-ssFix.patch,correct,fixed,Math,41,ASE15-randoop,1,0,
patch-Math-41-ssFix.patch,correct,fixed,Math,41,ASE15-randoop,2,0,
patch-Math-41-ssFix.patch,correct,fixed,Math,41,ASE15-randoop,3,0,
patch-Math-41-ssFix.patch,correct,fixed,Math,41,ASE15-randoop,4,0,
patch-Math-41-ssFix.patch,correct,fixed,Math,41,ASE15-randoop,5,0,
patch-Math-41-ssFix.patch,correct,fixed,Math,41,ASE15-randoop,6,0,
patch-Math-41-ssFix.patch,correct,fixed,Math,41,ASE15-randoop,7,0,
patch-Math-41-ssFix.patch,correct,fixed,Math,41,ASE15-randoop,8,0,
patch-Math-41-ssFix.patch,correct,fixed,Math,41,ASE15-randoop,9,0,
patch-Math-41-ssFix.patch,correct,fixed,Math,41,ASE15-randoop,10,0,
patch-Math-41-ssFix.patch,correct,buggy,Math,41,ASE15-randoop,1,0,
patch-Math-41-ssFix.patch,correct,buggy,Math,41,ASE15-randoop,2,0,
patch-Math-41-ssFix.patch,correct,buggy,Math,41,ASE15-randoop,3,0,
patch-Math-41-ssFix.patch,correct,buggy,Math,41,ASE15-randoop,4,0,
patch-Math-41-ssFix.patch,correct,buggy,Math,41,ASE15-randoop,5,0,
patch-Math-41-ssFix.patch,correct,buggy,Math,41,ASE15-randoop,6,0,
patch-Math-41-ssFix.patch,correct,buggy,Math,41,ASE15-randoop,7,0,
patch-Math-41-ssFix.patch,correct,buggy,Math,41,ASE15-randoop,8,0,
patch-Math-41-ssFix.patch,correct,buggy,Math,41,ASE15-randoop,9,0,
patch-Math-41-ssFix.patch,correct,buggy,Math,41,ASE15-randoop,10,0,
patch-Math-50-ssFix.patch,correct,fixed,Math,50,ASE15-randoop,1,0,
patch-Math-50-ssFix.patch,correct,fixed,Math,50,ASE15-randoop,2,No-Tests,
patch-Math-50-ssFix.patch,correct,fixed,Math,50,ASE15-randoop,3,0,
patch-Math-50-ssFix.patch,correct,fixed,Math,50,ASE15-randoop,4,0,
patch-Math-50-ssFix.patch,correct,fixed,Math,50,ASE15-randoop,5,0,
patch-Math-50-ssFix.patch,correct,fixed,Math,50,ASE15-randoop,6,0,
patch-Math-50-ssFix.patch,correct,fixed,Math,50,ASE15-randoop,7,0,
patch-Math-50-ssFix.patch,correct,fixed,Math,50,ASE15-randoop,8,No-Tests,
patch-Math-50-ssFix.patch,correct,fixed,Math,50,ASE15-randoop,9,0,
patch-Math-50-ssFix.patch,correct,fixed,Math,50,ASE15-randoop,10,0,
patch-Math-50-ssFix.patch,correct,buggy,Math,50,ASE15-randoop,1,0,
patch-Math-50-ssFix.patch,correct,buggy,Math,50,ASE15-randoop,2,No-Tests,
patch-Math-50-ssFix.patch,correct,buggy,Math,50,ASE15-randoop,3,0,
patch-Math-50-ssFix.patch,correct,buggy,Math,50,ASE15-randoop,4,0,
patch-Math-50-ssFix.patch,correct,buggy,Math,50,ASE15-randoop,5,0,
patch-Math-50-ssFix.patch,correct,buggy,Math,50,ASE15-randoop,6,0,
patch-Math-50-ssFix.patch,correct,buggy,Math,50,ASE15-randoop,7,0,
patch-Math-50-ssFix.patch,correct,buggy,Math,50,ASE15-randoop,8,No-Tests,
patch-Math-50-ssFix.patch,correct,buggy,Math,50,ASE15-randoop,9,0,
patch-Math-50-ssFix.patch,correct,buggy,Math,50,ASE15-randoop,10,0,
patch-Math-53-ssFix.patch,correct,fixed,Math,53,ASE15-randoop,1,0,
patch-Math-53-ssFix.patch,correct,fixed,Math,53,ASE15-randoop,2,0,
patch-Math-53-ssFix.patch,correct,fixed,Math,53,ASE15-randoop,3,0,
patch-Math-53-ssFix.patch,correct,fixed,Math,53,ASE15-randoop,4,0,
patch-Math-53-ssFix.patch,correct,fixed,Math,53,ASE15-randoop,5,No-Tests,
patch-Math-53-ssFix.patch,correct,fixed,Math,53,ASE15-randoop,6,0,
patch-Math-53-ssFix.patch,correct,fixed,Math,53,ASE15-randoop,7,0,
patch-Math-53-ssFix.patch,correct,fixed,Math,53,ASE15-randoop,8,No-Tests,
patch-Math-53-ssFix.patch,correct,fixed,Math,53,ASE15-randoop,9,No-Tests,
patch-Math-53-ssFix.patch,correct,fixed,Math,53,ASE15-randoop,10,0,
patch-Math-53-ssFix.patch,correct,buggy,Math,53,ASE15-randoop,1,0,
patch-Math-53-ssFix.patch,correct,buggy,Math,53,ASE15-randoop,2,0,
patch-Math-53-ssFix.patch,correct,buggy,Math,53,ASE15-randoop,3,0,
patch-Math-53-ssFix.patch,correct,buggy,Math,53,ASE15-randoop,4,0,
patch-Math-53-ssFix.patch,correct,buggy,Math,53,ASE15-randoop,5,No-Tests,
patch-Math-53-ssFix.patch,correct,buggy,Math,53,ASE15-randoop,6,0,
patch-Math-53-ssFix.patch,correct,buggy,Math,53,ASE15-randoop,7,0,
patch-Math-53-ssFix.patch,correct,buggy,Math,53,ASE15-randoop,8,No-Tests,
patch-Math-53-ssFix.patch,correct,buggy,Math,53,ASE15-randoop,9,No-Tests,
patch-Math-53-ssFix.patch,correct,buggy,Math,53,ASE15-randoop,10,0,
patch-Math-57-ssFix.patch,correct,fixed,Math,57,ASE15-randoop,1,0,
patch-Math-57-ssFix.patch,correct,fixed,Math,57,ASE15-randoop,2,No-Tests,
patch-Math-57-ssFix.patch,correct,fixed,Math,57,ASE15-randoop,3,No-Tests,
patch-Math-57-ssFix.patch,correct,fixed,Math,57,ASE15-randoop,4,No-Tests,
patch-Math-57-ssFix.patch,correct,fixed,Math,57,ASE15-randoop,5,No-Tests,
patch-Math-57-ssFix.patch,correct,fixed,Math,57,ASE15-randoop,6,No-Tests,
patch-Math-57-ssFix.patch,correct,fixed,Math,57,ASE15-randoop,7,0,
patch-Math-57-ssFix.patch,correct,fixed,Math,57,ASE15-randoop,8,No-Tests,
patch-Math-57-ssFix.patch,correct,fixed,Math,57,ASE15-randoop,9,No-Tests,
patch-Math-57-ssFix.patch,correct,fixed,Math,57,ASE15-randoop,10,0,
patch-Math-57-ssFix.patch,correct,buggy,Math,57,ASE15-randoop,1,0,
patch-Math-57-ssFix.patch,correct,buggy,Math,57,ASE15-randoop,2,No-Tests,
patch-Math-57-ssFix.patch,correct,buggy,Math,57,ASE15-randoop,3,No-Tests,
patch-Math-57-ssFix.patch,correct,buggy,Math,57,ASE15-randoop,4,No-Tests,
patch-Math-57-ssFix.patch,correct,buggy,Math,57,ASE15-randoop,5,No-Tests,
patch-Math-57-ssFix.patch,correct,buggy,Math,57,ASE15-randoop,6,No-Tests,
patch-Math-57-ssFix.patch,correct,buggy,Math,57,ASE15-randoop,7,0,
patch-Math-57-ssFix.patch,correct,buggy,Math,57,ASE15-randoop,8,No-Tests,
patch-Math-57-ssFix.patch,correct,buggy,Math,57,ASE15-randoop,9,No-Tests,
patch-Math-57-ssFix.patch,correct,buggy,Math,57,ASE15-randoop,10,0,
patch-Math-59-ssFix.patch,correct,fixed,Math,59,ASE15-randoop,1,0,
patch-Math-59-ssFix.patch,correct,fixed,Math,59,ASE15-randoop,2,0,
patch-Math-59-ssFix.patch,correct,fixed,Math,59,ASE15-randoop,3,0,
patch-Math-59-ssFix.patch,correct,fixed,Math,59,ASE15-randoop,4,0,
patch-Math-59-ssFix.patch,correct,fixed,Math,59,ASE15-randoop,5,0,
patch-Math-59-ssFix.patch,correct,fixed,Math,59,ASE15-randoop,6,0,
patch-Math-59-ssFix.patch,correct,fixed,Math,59,ASE15-randoop,7,0,
patch-Math-59-ssFix.patch,correct,fixed,Math,59,ASE15-randoop,8,0,
patch-Math-59-ssFix.patch,correct,fixed,Math,59,ASE15-randoop,9,0,
patch-Math-59-ssFix.patch,correct,fixed,Math,59,ASE15-randoop,10,0,
patch-Math-59-ssFix.patch,correct,buggy,Math,59,ASE15-randoop,1,0,
patch-Math-59-ssFix.patch,correct,buggy,Math,59,ASE15-randoop,2,0,
patch-Math-59-ssFix.patch,correct,buggy,Math,59,ASE15-randoop,3,0,
patch-Math-59-ssFix.patch,correct,buggy,Math,59,ASE15-randoop,4,0,
patch-Math-59-ssFix.patch,correct,buggy,Math,59,ASE15-randoop,5,0,
patch-Math-59-ssFix.patch,correct,buggy,Math,59,ASE15-randoop,6,0,
patch-Math-59-ssFix.patch,correct,buggy,Math,59,ASE15-randoop,7,0,
patch-Math-59-ssFix.patch,correct,buggy,Math,59,ASE15-randoop,8,0,
patch-Math-59-ssFix.patch,correct,buggy,Math,59,ASE15-randoop,9,0,
patch-Math-59-ssFix.patch,correct,buggy,Math,59,ASE15-randoop,10,0,
patch-Math-70-ssFix.patch,correct,fixed,Math,70,ASE15-randoop,1,0,
patch-Math-70-ssFix.patch,correct,fixed,Math,70,ASE15-randoop,2,0,
patch-Math-70-ssFix.patch,correct,fixed,Math,70,ASE15-randoop,3,0,
patch-Math-70-ssFix.patch,correct,fixed,Math,70,ASE15-randoop,4,0,
patch-Math-70-ssFix.patch,correct,fixed,Math,70,ASE15-randoop,5,0,
patch-Math-70-ssFix.patch,correct,fixed,Math,70,ASE15-randoop,6,0,
patch-Math-70-ssFix.patch,correct,fixed,Math,70,ASE15-randoop,7,0,
patch-Math-70-ssFix.patch,correct,fixed,Math,70,ASE15-randoop,8,0,
patch-Math-70-ssFix.patch,correct,fixed,Math,70,ASE15-randoop,9,0,
patch-Math-70-ssFix.patch,correct,fixed,Math,70,ASE15-randoop,10,0,
patch-Math-70-ssFix.patch,correct,buggy,Math,70,ASE15-randoop,1,0,
patch-Math-70-ssFix.patch,correct,buggy,Math,70,ASE15-randoop,2,0,
patch-Math-70-ssFix.patch,correct,buggy,Math,70,ASE15-randoop,3,0,
patch-Math-70-ssFix.patch,correct,buggy,Math,70,ASE15-randoop,4,0,
patch-Math-70-ssFix.patch,correct,buggy,Math,70,ASE15-randoop,5,0,
patch-Math-70-ssFix.patch,correct,buggy,Math,70,ASE15-randoop,6,0,
patch-Math-70-ssFix.patch,correct,buggy,Math,70,ASE15-randoop,7,0,
patch-Math-70-ssFix.patch,correct,buggy,Math,70,ASE15-randoop,8,0,
patch-Math-70-ssFix.patch,correct,buggy,Math,70,ASE15-randoop,9,0,
patch-Math-70-ssFix.patch,correct,buggy,Math,70,ASE15-randoop,10,0,
patch-Math-80-ssFix.patch,correct,fixed,Math,80,ASE15-randoop,1,0,
patch-Math-80-ssFix.patch,correct,fixed,Math,80,ASE15-randoop,2,0,
patch-Math-80-ssFix.patch,correct,fixed,Math,80,ASE15-randoop,3,0,
patch-Math-80-ssFix.patch,correct,fixed,Math,80,ASE15-randoop,4,0,
patch-Math-80-ssFix.patch,correct,fixed,Math,80,ASE15-randoop,5,0,
patch-Math-80-ssFix.patch,correct,fixed,Math,80,ASE15-randoop,6,0,
patch-Math-80-ssFix.patch,correct,fixed,Math,80,ASE15-randoop,7,0,
patch-Math-80-ssFix.patch,correct,fixed,Math,80,ASE15-randoop,8,0,
patch-Math-80-ssFix.patch,correct,fixed,Math,80,ASE15-randoop,9,0,
patch-Math-80-ssFix.patch,correct,fixed,Math,80,ASE15-randoop,10,0,
patch-Math-80-ssFix.patch,correct,buggy,Math,80,ASE15-randoop,1,0,
patch-Math-80-ssFix.patch,correct,buggy,Math,80,ASE15-randoop,2,0,
patch-Math-80-ssFix.patch,correct,buggy,Math,80,ASE15-randoop,3,0,
patch-Math-80-ssFix.patch,correct,buggy,Math,80,ASE15-randoop,4,0,
patch-Math-80-ssFix.patch,correct,buggy,Math,80,ASE15-randoop,5,0,
patch-Math-80-ssFix.patch,correct,buggy,Math,80,ASE15-randoop,6,0,
patch-Math-80-ssFix.patch,correct,buggy,Math,80,ASE15-randoop,7,0,
patch-Math-80-ssFix.patch,correct,buggy,Math,80,ASE15-randoop,8,0,
patch-Math-80-ssFix.patch,correct,buggy,Math,80,ASE15-randoop,9,0,
patch-Math-80-ssFix.patch,correct,buggy,Math,80,ASE15-randoop,10,0,