BugId,ToolId,PatchId,Patch type,add lines,remove lines,addlines-removelines
Chart14,ACS,patch1-Chart-14-ACS.patch,claimed_correct_patches,4,0,4
Chart19,ACS,patch1-Chart-19-ACS.patch,claimed_correct_patches,2,0,2
Lang24,ACS,patch1-Lang-24-ACS.patch,claimed_correct_patches,2,1,1
Lang35,ACS,patch1-Lang-35-ACS.patch,claimed_correct_patches,3,1,2
Lang7,ACS,patch1-Lang-7-ACS.patch,claimed_correct_patches,1,0,1
Math25,ACS,patch1-Math-25-ACS.patch,claimed_correct_patches,1,0,1
Math3,ACS,patch1-Math-3-ACS.patch,claimed_correct_patches,1,0,1
Math35,ACS,patch1-Math-35-ACS.patch,claimed_correct_patches,7,1,6
Math4,ACS,patch1-Math-4-ACS.patch,claimed_correct_patches,2,1,1
Math5,ACS,patch1-Math-5-ACS.patch,claimed_correct_patches,1,0,1
Math61,ACS,patch1-Math-61-ACS.patch,claimed_correct_patches,2,0,2
Math82,ACS,patch1-Math-82-ACS.patch,claimed_correct_patches,2,1,1
Math85,ACS,patch1-Math-85-ACS.patch,claimed_correct_patches,1,1,0
Math89,ACS,patch1-Math-89-ACS.patch,claimed_correct_patches,1,0,1
Math90,ACS,patch1-Math-90-ACS.patch,claimed_correct_patches,1,0,1
Math93,ACS,patch1-Math-93-ACS.patch,claimed_correct_patches,10,0,10
Math99,ACS,patch1-Math-99-ACS.patch,claimed_correct_patches,3,0,3
Time15,ACS,patch1-Time-15-ACS.patch,claimed_correct_patches,1,0,1
Chart12,Arja,patch1-Chart-12-Arja.patch,claimed_correct_patches,1,0,1
Chart3,Arja,patch1-Chart-3-Arja.patch,claimed_correct_patches,1,0,1
Chart5,Arja,patch1-Chart-5-Arja.patch,claimed_correct_patches,1,6,-5
Lang20,Arja,patch1-Lang-20-Arja.patch,claimed_correct_patches,2,2,0
Lang35,Arja,patch1-Lang-35-Arja.patch,claimed_correct_patches,2,2,0
Lang43,Arja,patch1-Lang-43-Arja.patch,claimed_correct_patches,1,0,1
Lang45,Arja,patch1-Lang-45-Arja.patch,claimed_correct_patches,3,1,2
Math22,Arja,patch1-Math-22-Arja.patch,claimed_correct_patches,2,2,0
Math39,Arja,patch1-Math-39-Arja.patch,claimed_correct_patches,3,1,2
Math5,Arja,patch1-Math-5-Arja.patch,claimed_correct_patches,1,1,0
Math50,Arja,patch1-Math-50-Arja.patch,claimed_correct_patches,0,4,-4
Math53,Arja,patch1-Math-53-Arja.patch,claimed_correct_patches,3,0,3
Math58,Arja,patch1-Math-58-Arja.patch,claimed_correct_patches,1,1,0
Math70,Arja,patch1-Math-70-Arja.patch,claimed_correct_patches,1,1,0
Math73,Arja,patch1-Math-73-Arja.patch,claimed_correct_patches,1,1,0
Math86,Arja,patch1-Math-86-Arja.patch,claimed_correct_patches,4,0,4
Math98,Arja,patch1-Math-98-Arja.patch,claimed_correct_patches,2,2,0
Time15,Arja,patch1-Time-15-Arja.patch,claimed_correct_patches,3,3,0
Chart1,CapGen,patch-Chart-1-CapGen.patch,claimed_correct_patches,1,1,0
Chart24,CapGen,patch-Chart-24-CapGen.patch,claimed_correct_patches,1,1,0
Chart8,CapGen,patch-Chart-8-CapGen.patch,claimed_correct_patches,1,1,0
Chart11,CapGen,patch1-Chart-11-CapGen.patch,claimed_correct_patches,1,1,0
Chart11,CapGen,patch2-Chart-11-CapGen.patch,claimed_correct_patches,1,1,0
Lang26,CapGen,patch1-Lang-26-CapGen.patch,claimed_correct_patches,1,1,0
Lang43,CapGen,patch1-Lang-43-CapGen.patch,claimed_correct_patches,1,0,1
Lang59,CapGen,patch1-Lang-59-CapGen.patch,claimed_correct_patches,1,1,0
Lang6,CapGen,patch1-Lang-6-CapGen.patch,claimed_correct_patches,1,1,0
Lang43,CapGen,patch2-Lang-43-CapGen.patch,claimed_correct_patches,1,0,1
Lang43,CapGen,patch3-Lang-43-CapGen.patch,claimed_correct_patches,1,0,1
Math63,CapGen,patch-Math-63-CapGen.patch,claimed_correct_patches,1,1,0
Math70,CapGen,patch-Math-70-CapGen.patch,claimed_correct_patches,2,1,1
Math85,CapGen,patch-Math-85-CapGen.patch,claimed_correct_patches,1,1,0
Math30,CapGen,patch1-Math-30-CapGen.patch,claimed_correct_patches,1,1,0
Math33,CapGen,patch1-Math-33-CapGen.patch,claimed_correct_patches,1,1,0
Math5,CapGen,patch1-Math-5-CapGen.patch,claimed_correct_patches,1,1,0
Math53,CapGen,patch1-Math-53-CapGen.patch,claimed_correct_patches,1,0,1
Math57,CapGen,patch1-Math-57-CapGen.patch,claimed_correct_patches,1,1,0
Math58,CapGen,patch1-Math-58-CapGen.patch,claimed_correct_patches,2,1,1
Math59,CapGen,patch1-Math-59-CapGen.patch,claimed_correct_patches,1,1,0
Math75,CapGen,patch1-Math-75-CapGen.patch,claimed_correct_patches,1,1,0
Math80,CapGen,patch1-Math-80-CapGen.patch,claimed_correct_patches,1,1,0
Math53,CapGen,patch2-Math-53-CapGen.patch,claimed_correct_patches,1,0,1
Chart9,DeepRepair,patch1-Chart-9-DeepRepair.patch,claimed_correct_patches,3,0,3
Math24,DeepRepair,patch1-Math-24-DeepRepair.patch,claimed_correct_patches,18,0,18
Math58,DeepRepair,patch1-Math-58-DeepRepair.patch,claimed_correct_patches,1,0,1
Math63,DeepRepair,patch1-Math-63-DeepRepair.patch,claimed_correct_patches,1,1,0
Math8,DeepRepair,patch1-Math-8-DeepRepair.patch,claimed_correct_patches,1,1,0
Math82,DeepRepair,patch1-Math-82-DeepRepair.patch,claimed_correct_patches,1,1,0
Math24,DeepRepair,patch2-Math-24-DeepRepair.patch,claimed_correct_patches,5,0,5
Math58,DeepRepair,patch2-Math-58-DeepRepair.patch,claimed_correct_patches,7,0,7
Math8,DeepRepair,patch2-Math-8-DeepRepair.patch,claimed_correct_patches,1,1,0
Math82,DeepRepair,patch2-Math-82-DeepRepair.patch,claimed_correct_patches,1,1,0
Chart1,Elixir,patch1-Chart-1-Elixir.patch,claimed_correct_patches,1,1,0
Chart11,Elixir,patch1-Chart-11-Elixir.patch,claimed_correct_patches,1,1,0
Chart8,Elixir,patch1-Chart-8-Elixir.patch,claimed_correct_patches,1,1,0
Chart9,Elixir,patch1-Chart-9-Elixir.patch,claimed_correct_patches,1,1,0
Lang24,Elixir,patch1-Lang-24-Elixir.patch,claimed_correct_patches,1,1,0
Lang26,Elixir,patch1-Lang-26-Elixir.patch,claimed_correct_patches,1,1,0
Lang33,Elixir,patch1-Lang-33-Elixir.patch,claimed_correct_patches,3,1,2
Lang38,Elixir,patch1-Lang-38-Elixir.patch,claimed_correct_patches,1,0,1
Lang43,Elixir,patch1-Lang-43-Elixir.patch,claimed_correct_patches,1,0,1
Lang57,Elixir,patch1-Lang-57-Elixir.patch,claimed_correct_patches,1,1,0
Lang59,Elixir,patch1-Lang-59-Elixir.patch,claimed_correct_patches,1,1,0
Lang6,Elixir,patch1-Lang-6-Elixir.patch,claimed_correct_patches,1,1,0
Math30,Elixir,patch1-Math-30-Elixir.patch,claimed_correct_patches,1,1,0
Math33,Elixir,patch1-Math-33-Elixir.patch,claimed_correct_patches,1,1,0
Math34,Elixir,patch1-Math-34-Elixir.patch,claimed_correct_patches,1,1,0
Math5,Elixir,patch1-Math-5-Elixir.patch,claimed_correct_patches,1,1,0
Math50,Elixir,patch1-Math-50-Elixir.patch,claimed_correct_patches,1,4,-3
Math57,Elixir,patch1-Math-57-Elixir.patch,claimed_correct_patches,1,1,0
Math58,Elixir,patch1-Math-58-Elixir.patch,claimed_correct_patches,1,1,0
Math59,Elixir,patch1-Math-59-Elixir.patch,claimed_correct_patches,1,1,0
Math70,Elixir,patch1-Math-70-Elixir.patch,claimed_correct_patches,1,1,0
Math75,Elixir,patch1-Math-75-Elixir.patch,claimed_correct_patches,1,1,0
Math82,Elixir,patch1-Math-82-Elixir.patch,claimed_correct_patches,1,1,0
Math85,Elixir,patch1-Math-85-Elixir.patch,claimed_correct_patches,1,1,0
Time15,Elixir,patch1-Time-15-Elixir.patch,claimed_correct_patches,1,0,1
Time4,Elixir,patch1-Time-4-Elixir.patch,claimed_correct_patches,1,1,0
Chart1,Jaid,patch1-Chart-1-Jaid.patch,claimed_correct_patches,1,1,0
Chart24,Jaid,patch1-Chart-24-Jaid.patch,claimed_correct_patches,1,0,1
Chart26,Jaid,patch1-Chart-26-Jaid.patch,claimed_correct_patches,1,1,0
Chart9,Jaid,patch1-Chart-9-Jaid.patch,claimed_correct_patches,1,1,0
Chart24,Jaid,patch2-Chart-24-Jaid.patch,claimed_correct_patches,3,0,3
Chart26,Jaid,patch2-Chart-26-Jaid.patch,claimed_correct_patches,3,0,3
Closure126,Jaid,patch1-Closure-126-Jaid.patch,claimed_correct_patches,1,1,0
Closure18,Jaid,patch1-Closure-18-Jaid.patch,claimed_correct_patches,1,1,0
Closure31,Jaid,patch1-Closure-31-Jaid.patch,claimed_correct_patches,1,1,0
Closure33,Jaid,patch1-Closure-33-Jaid.patch,claimed_correct_patches,3,0,3
Closure40,Jaid,patch1-Closure-40-Jaid.patch,claimed_correct_patches,1,1,0
Closure62,Jaid,patch1-Closure-62-Jaid.patch,claimed_correct_patches,1,1,0
Closure63,Jaid,patch1-Closure-63-Jaid.patch,claimed_correct_patches,1,1,0
Closure70,Jaid,patch1-Closure-70-Jaid.patch,claimed_correct_patches,1,1,0
Closure73,Jaid,patch1-Closure-73-Jaid.patch,claimed_correct_patches,1,1,0
Lang33,Jaid,patch1-Lang-33-Jaid.patch,claimed_correct_patches,4,0,4
Lang38,Jaid,patch1-Lang-38-Jaid.patch,claimed_correct_patches,1,0,1
Lang45,Jaid,patch1-Lang-45-Jaid.patch,claimed_correct_patches,6,0,6
Lang51,Jaid,patch1-Lang-51-Jaid.patch,claimed_correct_patches,6,0,6
Lang55,Jaid,patch1-Lang-55-Jaid.patch,claimed_correct_patches,2,0,2
Lang33,Jaid,patch2-Lang-33-Jaid.patch,claimed_correct_patches,6,1,5
Lang38,Jaid,patch2-Lang-38-Jaid.patch,claimed_correct_patches,1,0,1
Lang38,Jaid,patch3-Lang-38-Jaid.patch,claimed_correct_patches,3,0,3
Lang38,Jaid,patch4-Lang-38-Jaid.patch,claimed_correct_patches,3,0,3
Math32,Jaid,patch1-Math-32-Jaid.patch,claimed_correct_patches,1,1,0
Math5,Jaid,patch1-Math-5-Jaid.patch,claimed_correct_patches,6,0,6
Math50,Jaid,patch1-Math-50-Jaid.patch,claimed_correct_patches,1,1,0
Math53,Jaid,patch1-Math-53-Jaid.patch,claimed_correct_patches,3,0,3
Math80,Jaid,patch1-Math-80-Jaid.patch,claimed_correct_patches,1,1,0
Math82,Jaid,patch1-Math-82-Jaid.patch,claimed_correct_patches,1,1,0
Math85,Jaid,patch1-Math-85-Jaid.patch,claimed_correct_patches,1,1,0
Math80,Jaid,patch2-Math-80-Jaid.patch,claimed_correct_patches,3,0,3
Chart5,Nopol2015,patch1-Chart-5-Nopol2015.patch,claimed_correct_patches,1,1,0
Lang44,Nopol2015,patch1-Lang-44-Nopol2015.patch,claimed_correct_patches,2,0,2
Lang55,Nopol2015,patch1-Lang-55-Nopol2015.patch,claimed_correct_patches,2,0,2
Lang58,Nopol2015,patch1-Lang-58-Nopol2015.patch,claimed_correct_patches,2,0,2
Math50,Nopol2015,patch1-Math-50-Nopol2015.patch,claimed_correct_patches,2,0,2
Chart1,SketchFix,patch-Chart-1-SketchFix.patch,claimed_correct_patches,2,1,1
Chart11,SketchFix,patch-Chart-11-SketchFix.patch,claimed_correct_patches,2,1,1
Chart20,SketchFix,patch-Chart-20-SketchFix.patch,claimed_correct_patches,2,1,1
Chart24,SketchFix,patch-Chart-24-SketchFix.patch,claimed_correct_patches,2,2,0
Chart8,SketchFix,patch-Chart-8-SketchFix.patch,claimed_correct_patches,2,1,1
Chart9,SketchFix,patch-Chart-9-SketchFix.patch,claimed_correct_patches,2,1,1
Closure126,SketchFix,patch-Closure-126-SketchFix.patch,claimed_correct_patches,2,1,1
Closure14,SketchFix,patch-Closure-14-SketchFix.patch,claimed_correct_patches,2,1,1
Closure62,SketchFix,patch-Closure-62-SketchFix.patch,claimed_correct_patches,2,2,0
Lang55,SketchFix,patch-Lang-55-SketchFix.patch,claimed_correct_patches,2,0,2
Lang59,SketchFix,patch-Lang-59-SketchFix.patch,claimed_correct_patches,2,1,1
Lang6,SketchFix,patch-Lang-6-SketchFix.patch,claimed_correct_patches,2,1,1
Math33,SketchFix,patch-Math-33-SketchFix.patch,claimed_correct_patches,2,1,1
Math5,SketchFix,patch-Math-5-SketchFix.patch,claimed_correct_patches,2,1,1
Math59,SketchFix,patch-Math-59-SketchFix.patch,claimed_correct_patches,2,1,1
Math70,SketchFix,patch-Math-70-SketchFix.patch,claimed_correct_patches,3,1,2
Math82,SketchFix,patch-Math-82-SketchFix.patch,claimed_correct_patches,2,1,1
Math85,SketchFix,patch-Math-85-SketchFix.patch,claimed_correct_patches,2,1,1
Chart24,SOFix,patch-Chart-24-SOFix.patch,claimed_correct_patches,1,1,0
Chart26,SOFix,patch-Chart-26-SOFix.patch,claimed_correct_patches,2,0,2
Chart1,SOFix,patch1-Chart-1-SOFix.patch,claimed_correct_patches,1,1,0
Chart11,SOFix,patch1-Chart-11-SOFix.patch,claimed_correct_patches,1,1,0
Chart4,SOFix,patch1-Chart-4-SOFix.patch,claimed_correct_patches,2,0,2
Lang51,SOFix,patch-Lang-51-SOFix.patch,claimed_correct_patches,1,0,1
Lang59,SOFix,patch-Lang-59-SOFix.patch,claimed_correct_patches,1,1,0
Lang21,SOFix,patch1-Lang-21-SOFix.patch,claimed_correct_patches,1,1,0
Lang6,SOFix,patch1-Lang-6-SOFix.patch,claimed_correct_patches,1,1,0
Math2,SOFix,patch1-Math-2-SOFix.patch,claimed_correct_patches,1,1,0
Math33,SOFix,patch1-Math-33-SOFix.patch,claimed_correct_patches,1,1,0
Math34,SOFix,patch1-Math-34-SOFix.patch,claimed_correct_patches,1,1,0
Math5,SOFix,patch1-Math-5-SOFix.patch,claimed_correct_patches,1,1,0
Math50,SOFix,patch1-Math-50-SOFix.patch,claimed_correct_patches,1,4,-3
Math57,SOFix,patch1-Math-57-SOFix.patch,claimed_correct_patches,1,1,0
Math58,SOFix,patch1-Math-58-SOFix.patch,claimed_correct_patches,1,1,0
Math59,SOFix,patch1-Math-59-SOFix.patch,claimed_correct_patches,1,1,0
Math70,SOFix,patch1-Math-70-SOFix.patch,claimed_correct_patches,2,1,1
Math75,SOFix,patch1-Math-75-SOFix.patch,claimed_correct_patches,1,1,0
Math80,SOFix,patch1-Math-80-SOFix.patch,claimed_correct_patches,1,1,0
Math82,SOFix,patch1-Math-82-SOFix.patch,claimed_correct_patches,1,1,0
Math85,SOFix,patch1-Math-85-SOFix.patch,claimed_correct_patches,1,1,0
Time19,SOFix,patch1-Time-19-SOFix.patch,claimed_correct_patches,1,1,0
Chart1,ssFix,patch-Chart-1-ssFix.patch,claimed_correct_patches,1,1,0
Chart20,ssFix,patch-Chart-20-ssFix.patch,claimed_correct_patches,1,1,0
Chart24,ssFix,patch-Chart-24-ssFix.patch,claimed_correct_patches,1,1,0
Closure115,ssFix,patch-Closure-115-ssFix.patch,claimed_correct_patches,1,1,0
Closure14,ssFix,patch-Closure-14-ssFix.patch,claimed_correct_patches,1,1,0
Lang2,ssFix,patch-Lang-2-ssFix.patch,claimed_correct_patches,1,1,0
Lang21,ssFix,patch-Lang-21-ssFix.patch,claimed_correct_patches,1,1,0
Lang27,ssFix,patch-Lang-27-ssFix.patch,claimed_correct_patches,1,1,0
Lang33,ssFix,patch-Lang-33-ssFix.patch,claimed_correct_patches,2,0,2
Lang43,ssFix,patch-Lang-43-ssFix.patch,claimed_correct_patches,1,0,1
Lang59,ssFix,patch-Lang-59-ssFix.patch,claimed_correct_patches,1,1,0
Lang6,ssFix,patch-Lang-6-ssFix.patch,claimed_correct_patches,1,1,0
Math30,ssFix,patch-Math-30-ssFix.patch,claimed_correct_patches,1,1,0
Math33,ssFix,patch-Math-33-ssFix.patch,claimed_correct_patches,1,1,0
Math41,ssFix,patch-Math-41-ssFix.patch,claimed_correct_patches,1,1,0
Math50,ssFix,patch-Math-50-ssFix.patch,claimed_correct_patches,2,1,1
Math53,ssFix,patch-Math-53-ssFix.patch,claimed_correct_patches,3,0,3
Math57,ssFix,patch-Math-57-ssFix.patch,claimed_correct_patches,1,1,0
Math59,ssFix,patch-Math-59-ssFix.patch,claimed_correct_patches,1,1,0
Math70,ssFix,patch-Math-70-ssFix.patch,claimed_correct_patches,1,1,0
Math79,ssFix,patch-Math-79-ssFix.patch,claimed_correct_patches,1,1,0
Math80,ssFix,patch-Math-80-ssFix.patch,claimed_correct_patches,1,1,0
Lang39,ACS,patch1-Lang-39-ACS-plausible.patch,plausible_patches,3,2,1
Math28,ACS,patch1-Math-28-ACS-plausible.patch,plausible_patches,1,1,0
Math73,ACS,patch1-Math-73-ACS-plausible.patch,plausible_patches,1,0,1
Math81,ACS,patch1-Math-81-ACS-plausible.patch,plausible_patches,1,1,0
Math97,ACS,patch1-Math-97-ACS-plausible.patch,plausible_patches,1,1,0
Chart1,Arja,patch1-Chart-1-Arja-plausible.patch,plausible_patches,1,1,0
Chart15,Arja,patch1-Chart-15-Arja-plausible.patch,plausible_patches,7,0,7
Chart1,Arja,patch2-Chart-1-Arja-plausible.patch,plausible_patches,6,1,5
Chart15,Arja,patch2-Chart-15-Arja-plausible.patch,plausible_patches,8,0,8
Chart8,CapGen,patch1-Chart-8-CapGen.patch,plausible_patches,1,1,0
Chart8,CapGen,patch2-Chart-8-CapGen.patch,plausible_patches,1,1,0
Lang43,CapGen,patch1-Lang-43-CapGen.patch,plausible_patches,1,0,1
Lang59,CapGen,patch94-Lang-59-CapGen.patch,plausible_patches,1,1,0
Lang59,CapGen,patch95-Lang-59-CapGen.patch,plausible_patches,1,1,0
Math5,CapGen,patch407-Math-5-CapGen.patch,plausible_patches,1,1,0
Math5,CapGen,patch413-Math-5-CapGen.patch,plausible_patches,1,1,0
Math5,CapGen,patch414-Math-5-CapGen.patch,plausible_patches,1,1,0
Chart1,Cardumen,patch1-Chart-1-Cardumen.patch,plausible_patches,0,0,0
Chart11,Cardumen,patch1-Chart-11-Cardumen.patch,plausible_patches,1,1,0
Chart12,Cardumen,patch1-Chart-12-Cardumen.patch,plausible_patches,1,1,0
Chart13,Cardumen,patch1-Chart-13-Cardumen.patch,plausible_patches,0,0,0
Chart15,Cardumen,patch1-Chart-15-Cardumen.patch,plausible_patches,1,1,0
Chart17,Cardumen,patch1-Chart-17-Cardumen.patch,plausible_patches,1,1,0
Chart24,Cardumen,patch1-Chart-24-Cardumen.patch,plausible_patches,1,2,-1
Chart25,Cardumen,patch1-Chart-25-Cardumen.patch,plausible_patches,1,1,0
Chart26,Cardumen,patch1-Chart-26-Cardumen.patch,plausible_patches,1,1,0
Chart3,Cardumen,patch1-Chart-3-Cardumen.patch,plausible_patches,1,1,0
Chart4,Cardumen,patch1-Chart-4-Cardumen.patch,plausible_patches,1,1,0
Chart5,Cardumen,patch1-Chart-5-Cardumen.patch,plausible_patches,1,1,0
Chart6,Cardumen,patch1-Chart-6-Cardumen.patch,plausible_patches,1,1,0
Chart7,Cardumen,patch1-Chart-7-Cardumen.patch,plausible_patches,1,1,0
Chart9,Cardumen,patch1-Chart-9-Cardumen.patch,plausible_patches,1,1,0
Chart1,Cardumen,patch2-Chart-1-Cardumen.patch,plausible_patches,1,1,0
Chart11,Cardumen,patch2-Chart-11-Cardumen.patch,plausible_patches,1,1,0
Chart13,Cardumen,patch2-Chart-13-Cardumen.patch,plausible_patches,1,1,0
Chart15,Cardumen,patch2-Chart-15-Cardumen.patch,plausible_patches,1,1,0
Chart24,Cardumen,patch2-Chart-24-Cardumen.patch,plausible_patches,1,2,-1
Chart25,Cardumen,patch2-Chart-25-Cardumen.patch,plausible_patches,1,1,0
Chart26,Cardumen,patch2-Chart-26-Cardumen.patch,plausible_patches,1,1,0
Chart3,Cardumen,patch2-Chart-3-Cardumen.patch,plausible_patches,1,1,0
Chart4,Cardumen,patch2-Chart-4-Cardumen.patch,plausible_patches,1,1,0
Chart5,Cardumen,patch2-Chart-5-Cardumen.patch,plausible_patches,1,1,0
Chart6,Cardumen,patch2-Chart-6-Cardumen.patch,plausible_patches,1,1,0
Chart7,Cardumen,patch2-Chart-7-Cardumen.patch,plausible_patches,1,1,0
Chart9,Cardumen,patch2-Chart-9-Cardumen.patch,plausible_patches,1,1,0
Chart1,Cardumen,patch3-Chart-1-Cardumen.patch,plausible_patches,1,1,0
Chart13,Cardumen,patch3-Chart-13-Cardumen.patch,plausible_patches,1,1,0
Chart15,Cardumen,patch3-Chart-15-Cardumen.patch,plausible_patches,1,1,0
Chart24,Cardumen,patch3-Chart-24-Cardumen.patch,plausible_patches,1,2,-1
Chart25,Cardumen,patch3-Chart-25-Cardumen.patch,plausible_patches,1,1,0
Chart26,Cardumen,patch3-Chart-26-Cardumen.patch,plausible_patches,1,1,0
Chart3,Cardumen,patch3-Chart-3-Cardumen.patch,plausible_patches,1,1,0
Chart5,Cardumen,patch3-Chart-5-Cardumen.patch,plausible_patches,1,1,0
Chart7,Cardumen,patch3-Chart-7-Cardumen.patch,plausible_patches,1,1,0
Chart9,Cardumen,patch3-Chart-9-Cardumen.patch,plausible_patches,1,1,0
Chart1,Cardumen,patch4-Chart-1-Cardumen.patch,plausible_patches,1,1,0
Chart13,Cardumen,patch4-Chart-13-Cardumen.patch,plausible_patches,1,1,0
Chart15,Cardumen,patch4-Chart-15-Cardumen.patch,plausible_patches,1,1,0
Chart25,Cardumen,patch4-Chart-25-Cardumen.patch,plausible_patches,1,1,0
Chart26,Cardumen,patch4-Chart-26-Cardumen.patch,plausible_patches,1,1,0
Chart3,Cardumen,patch4-Chart-3-Cardumen.patch,plausible_patches,1,1,0
Chart5,Cardumen,patch4-Chart-5-Cardumen.patch,plausible_patches,1,1,0
Chart7,Cardumen,patch4-Chart-7-Cardumen.patch,plausible_patches,1,1,0
Chart9,Cardumen,patch4-Chart-9-Cardumen.patch,plausible_patches,1,1,0
Chart1,Cardumen,patch5-Chart-1-Cardumen.patch,plausible_patches,1,1,0
Chart13,Cardumen,patch5-Chart-13-Cardumen.patch,plausible_patches,1,1,0
Chart15,Cardumen,patch5-Chart-15-Cardumen.patch,plausible_patches,1,1,0
Chart25,Cardumen,patch5-Chart-25-Cardumen.patch,plausible_patches,1,1,0
Chart26,Cardumen,patch5-Chart-26-Cardumen.patch,plausible_patches,1,1,0
Chart3,Cardumen,patch5-Chart-3-Cardumen.patch,plausible_patches,1,1,0
Chart5,Cardumen,patch5-Chart-5-Cardumen.patch,plausible_patches,1,1,0
Chart7,Cardumen,patch5-Chart-7-Cardumen.patch,plausible_patches,1,1,0
Chart9,Cardumen,patch5-Chart-9-Cardumen.patch,plausible_patches,1,1,0
Closure10,Cardumen,patch1-Closure-10-Cardumen.patch,plausible_patches,1,1,0
Closure12,Cardumen,patch1-Closure-12-Cardumen.patch,plausible_patches,1,1,0
Closure13,Cardumen,patch1-Closure-13-Cardumen.patch,plausible_patches,1,1,0
Closure133,Cardumen,patch1-Closure-133-Cardumen.patch,plausible_patches,1,1,0
Closure21,Cardumen,patch1-Closure-21-Cardumen.patch,plausible_patches,1,1,0
Closure33,Cardumen,patch1-Closure-33-Cardumen.patch,plausible_patches,1,1,0
Closure40,Cardumen,patch1-Closure-40-Cardumen.patch,plausible_patches,1,1,0
Closure45,Cardumen,patch1-Closure-45-Cardumen.patch,plausible_patches,1,2,-1
Closure46,Cardumen,patch1-Closure-46-Cardumen.patch,plausible_patches,1,1,0
Closure55,Cardumen,patch1-Closure-55-Cardumen.patch,plausible_patches,1,1,0
Closure7,Cardumen,patch1-Closure-7-Cardumen.patch,plausible_patches,1,1,0
Closure10,Cardumen,patch2-Closure-10-Cardumen.patch,plausible_patches,1,1,0
Closure12,Cardumen,patch2-Closure-12-Cardumen.patch,plausible_patches,1,1,0
Closure13,Cardumen,patch2-Closure-13-Cardumen.patch,plausible_patches,1,1,0
Closure21,Cardumen,patch2-Closure-21-Cardumen.patch,plausible_patches,1,1,0
Closure33,Cardumen,patch2-Closure-33-Cardumen.patch,plausible_patches,1,1,0
Closure40,Cardumen,patch2-Closure-40-Cardumen.patch,plausible_patches,1,1,0
Closure45,Cardumen,patch2-Closure-45-Cardumen.patch,plausible_patches,1,2,-1
Closure46,Cardumen,patch2-Closure-46-Cardumen.patch,plausible_patches,1,1,0
Closure7,Cardumen,patch2-Closure-7-Cardumen.patch,plausible_patches,1,1,0
Closure10,Cardumen,patch3-Closure-10-Cardumen.patch,plausible_patches,1,1,0
Closure21,Cardumen,patch3-Closure-21-Cardumen.patch,plausible_patches,1,1,0
Closure40,Cardumen,patch3-Closure-40-Cardumen.patch,plausible_patches,1,1,0
Closure45,Cardumen,patch3-Closure-45-Cardumen.patch,plausible_patches,1,2,-1
Closure46,Cardumen,patch3-Closure-46-Cardumen.patch,plausible_patches,1,1,0
Closure10,Cardumen,patch4-Closure-10-Cardumen.patch,plausible_patches,1,1,0
Closure21,Cardumen,patch4-Closure-21-Cardumen.patch,plausible_patches,1,1,0
Closure40,Cardumen,patch4-Closure-40-Cardumen.patch,plausible_patches,1,1,0
Closure45,Cardumen,patch4-Closure-45-Cardumen.patch,plausible_patches,1,2,-1
Closure46,Cardumen,patch4-Closure-46-Cardumen.patch,plausible_patches,1,1,0
Closure21,Cardumen,patch5-Closure-21-Cardumen.patch,plausible_patches,1,1,0
Closure45,Cardumen,patch5-Closure-45-Cardumen.patch,plausible_patches,1,2,-1
Closure46,Cardumen,patch5-Closure-46-Cardumen.patch,plausible_patches,1,1,0
Lang10,Cardumen,patch1-Lang-10-Cardumen.patch,plausible_patches,1,1,0
Lang14,Cardumen,patch1-Lang-14-Cardumen.patch,plausible_patches,1,1,0
Lang22,Cardumen,patch1-Lang-22-Cardumen.patch,plausible_patches,1,1,0
Lang24,Cardumen,patch1-Lang-24-Cardumen.patch,plausible_patches,1,1,0
Lang27,Cardumen,patch1-Lang-27-Cardumen.patch,plausible_patches,1,1,0
Lang39,Cardumen,patch1-Lang-39-Cardumen.patch,plausible_patches,1,1,0
Lang7,Cardumen,patch1-Lang-7-Cardumen.patch,plausible_patches,1,1,0
Lang10,Cardumen,patch2-Lang-10-Cardumen.patch,plausible_patches,1,1,0
Lang14,Cardumen,patch2-Lang-14-Cardumen.patch,plausible_patches,1,1,0
Lang22,Cardumen,patch2-Lang-22-Cardumen.patch,plausible_patches,1,1,0
Lang24,Cardumen,patch2-Lang-24-Cardumen.patch,plausible_patches,1,2,-1
Lang27,Cardumen,patch2-Lang-27-Cardumen.patch,plausible_patches,1,1,0
Lang39,Cardumen,patch2-Lang-39-Cardumen.patch,plausible_patches,1,1,0
Lang7,Cardumen,patch2-Lang-7-Cardumen.patch,plausible_patches,1,1,0
Lang10,Cardumen,patch3-Lang-10-Cardumen.patch,plausible_patches,1,1,0
Lang14,Cardumen,patch3-Lang-14-Cardumen.patch,plausible_patches,1,1,0
Lang22,Cardumen,patch3-Lang-22-Cardumen.patch,plausible_patches,1,1,0
Lang27,Cardumen,patch3-Lang-27-Cardumen.patch,plausible_patches,1,1,0
Lang39,Cardumen,patch3-Lang-39-Cardumen.patch,plausible_patches,1,1,0
Lang7,Cardumen,patch3-Lang-7-Cardumen.patch,plausible_patches,1,1,0
Lang10,Cardumen,patch4-Lang-10-Cardumen.patch,plausible_patches,1,1,0
Lang14,Cardumen,patch4-Lang-14-Cardumen.patch,plausible_patches,1,1,0
Lang22,Cardumen,patch4-Lang-22-Cardumen.patch,plausible_patches,1,1,0
Lang27,Cardumen,patch4-Lang-27-Cardumen.patch,plausible_patches,1,1,0
Lang39,Cardumen,patch4-Lang-39-Cardumen.patch,plausible_patches,1,1,0
Lang7,Cardumen,patch4-Lang-7-Cardumen.patch,plausible_patches,1,1,0
Lang14,Cardumen,patch5-Lang-14-Cardumen.patch,plausible_patches,1,1,0
Lang22,Cardumen,patch5-Lang-22-Cardumen.patch,plausible_patches,1,1,0
Lang27,Cardumen,patch5-Lang-27-Cardumen.patch,plausible_patches,1,1,0
Lang39,Cardumen,patch5-Lang-39-Cardumen.patch,plausible_patches,1,1,0
Lang7,Cardumen,patch5-Lang-7-Cardumen.patch,plausible_patches,1,1,0
Math101,Cardumen,patch1-Math-101-Cardumen.patch,plausible_patches,1,1,0
Math104,Cardumen,patch1-Math-104-Cardumen.patch,plausible_patches,1,1,0
Math105,Cardumen,patch1-Math-105-Cardumen.patch,plausible_patches,1,1,0
Math18,Cardumen,patch1-Math-18-Cardumen.patch,plausible_patches,1,1,0
Math2,Cardumen,patch1-Math-2-Cardumen.patch,plausible_patches,1,1,0
Math20,Cardumen,patch1-Math-20-Cardumen.patch,plausible_patches,1,1,0
Math28,Cardumen,patch1-Math-28-Cardumen.patch,plausible_patches,1,1,0
Math30,Cardumen,patch1-Math-30-Cardumen.patch,plausible_patches,1,1,0
Math32,Cardumen,patch1-Math-32-Cardumen.patch,plausible_patches,1,1,0
Math33,Cardumen,patch1-Math-33-Cardumen.patch,plausible_patches,1,1,0
Math40,Cardumen,patch1-Math-40-Cardumen.patch,plausible_patches,1,1,0
Math41,Cardumen,patch1-Math-41-Cardumen.patch,plausible_patches,1,1,0
Math46,Cardumen,patch1-Math-46-Cardumen.patch,plausible_patches,1,1,0
Math49,Cardumen,patch1-Math-49-Cardumen.patch,plausible_patches,1,1,0
Math5,Cardumen,patch1-Math-5-Cardumen.patch,plausible_patches,1,1,0
Math50,Cardumen,patch1-Math-50-Cardumen.patch,plausible_patches,1,1,0
Math57,Cardumen,patch1-Math-57-Cardumen.patch,plausible_patches,1,1,0
Math58,Cardumen,patch1-Math-58-Cardumen.patch,plausible_patches,1,1,0
Math6,Cardumen,patch1-Math-6-Cardumen.patch,plausible_patches,1,1,0
Math60,Cardumen,patch1-Math-60-Cardumen.patch,plausible_patches,2,2,0
Math62,Cardumen,patch1-Math-62-Cardumen.patch,plausible_patches,1,1,0
Math63,Cardumen,patch1-Math-63-Cardumen.patch,plausible_patches,1,1,0
Math69,Cardumen,patch1-Math-69-Cardumen.patch,plausible_patches,1,1,0
Math70,Cardumen,patch1-Math-70-Cardumen.patch,plausible_patches,1,1,0
Math73,Cardumen,patch1-Math-73-Cardumen.patch,plausible_patches,1,1,0
Math74,Cardumen,patch1-Math-74-Cardumen.patch,plausible_patches,1,1,0
Math78,Cardumen,patch1-Math-78-Cardumen.patch,plausible_patches,1,1,0
Math79,Cardumen,patch1-Math-79-Cardumen.patch,plausible_patches,1,1,0
Math8,Cardumen,patch1-Math-8-Cardumen.patch,plausible_patches,1,1,0
Math80,Cardumen,patch1-Math-80-Cardumen.patch,plausible_patches,1,1,0
Math81,Cardumen,patch1-Math-81-Cardumen.patch,plausible_patches,1,1,0
Math82,Cardumen,patch1-Math-82-Cardumen.patch,plausible_patches,1,1,0
Math84,Cardumen,patch1-Math-84-Cardumen.patch,plausible_patches,1,1,0
Math85,Cardumen,patch1-Math-85-Cardumen.patch,plausible_patches,1,1,0
Math88,Cardumen,patch1-Math-88-Cardumen.patch,plausible_patches,1,1,0
Math95,Cardumen,patch1-Math-95-Cardumen.patch,plausible_patches,1,1,0
Math97,Cardumen,patch1-Math-97-Cardumen.patch,plausible_patches,1,1,0
Math104,Cardumen,patch2-Math-104-Cardumen.patch,plausible_patches,1,1,0
Math105,Cardumen,patch2-Math-105-Cardumen.patch,plausible_patches,1,1,0
Math18,Cardumen,patch2-Math-18-Cardumen.patch,plausible_patches,1,1,0
Math2,Cardumen,patch2-Math-2-Cardumen.patch,plausible_patches,1,2,-1
Math20,Cardumen,patch2-Math-20-Cardumen.patch,plausible_patches,1,1,0
Math28,Cardumen,patch2-Math-28-Cardumen.patch,plausible_patches,1,1,0
Math30,Cardumen,patch2-Math-30-Cardumen.patch,plausible_patches,1,1,0
Math32,Cardumen,patch2-Math-32-Cardumen.patch,plausible_patches,1,1,0
Math40,Cardumen,patch2-Math-40-Cardumen.patch,plausible_patches,1,1,0
Math41,Cardumen,patch2-Math-41-Cardumen.patch,plausible_patches,1,1,0
Math46,Cardumen,patch2-Math-46-Cardumen.patch,plausible_patches,1,1,0
Math49,Cardumen,patch2-Math-49-Cardumen.patch,plausible_patches,1,1,0
Math5,Cardumen,patch2-Math-5-Cardumen.patch,plausible_patches,0,0,0
Math50,Cardumen,patch2-Math-50-Cardumen.patch,plausible_patches,1,1,0
Math57,Cardumen,patch2-Math-57-Cardumen.patch,plausible_patches,1,1,0
Math6,Cardumen,patch2-Math-6-Cardumen.patch,plausible_patches,1,1,0
Math60,Cardumen,patch2-Math-60-Cardumen.patch,plausible_patches,2,2,0
Math62,Cardumen,patch2-Math-62-Cardumen.patch,plausible_patches,1,1,0
Math63,Cardumen,patch2-Math-63-Cardumen.patch,plausible_patches,1,1,0
Math69,Cardumen,patch2-Math-69-Cardumen.patch,plausible_patches,1,1,0
Math70,Cardumen,patch2-Math-70-Cardumen.patch,plausible_patches,1,1,0
Math73,Cardumen,patch2-Math-73-Cardumen.patch,plausible_patches,1,1,0
Math74,Cardumen,patch2-Math-74-Cardumen.patch,plausible_patches,1,1,0
Math78,Cardumen,patch2-Math-78-Cardumen.patch,plausible_patches,1,1,0
Math79,Cardumen,patch2-Math-79-Cardumen.patch,plausible_patches,1,1,0
Math8,Cardumen,patch2-Math-8-Cardumen.patch,plausible_patches,1,1,0
Math80,Cardumen,patch2-Math-80-Cardumen.patch,plausible_patches,1,1,0
Math81,Cardumen,patch2-Math-81-Cardumen.patch,plausible_patches,1,1,0
Math82,Cardumen,patch2-Math-82-Cardumen.patch,plausible_patches,1,1,0
Math84,Cardumen,patch2-Math-84-Cardumen.patch,plausible_patches,1,1,0
Math85,Cardumen,patch2-Math-85-Cardumen.patch,plausible_patches,1,1,0
Math88,Cardumen,patch2-Math-88-Cardumen.patch,plausible_patches,1,1,0
Math95,Cardumen,patch2-Math-95-Cardumen.patch,plausible_patches,1,1,0
Math97,Cardumen,patch2-Math-97-Cardumen.patch,plausible_patches,1,1,0
Math105,Cardumen,patch3-Math-105-Cardumen.patch,plausible_patches,1,1,0
Math18,Cardumen,patch3-Math-18-Cardumen.patch,plausible_patches,1,1,0
Math2,Cardumen,patch3-Math-2-Cardumen.patch,plausible_patches,1,1,0
Math20,Cardumen,patch3-Math-20-Cardumen.patch,plausible_patches,1,1,0
Math28,Cardumen,patch3-Math-28-Cardumen.patch,plausible_patches,1,1,0
Math30,Cardumen,patch3-Math-30-Cardumen.patch,plausible_patches,1,1,0
Math40,Cardumen,patch3-Math-40-Cardumen.patch,plausible_patches,1,1,0
Math41,Cardumen,patch3-Math-41-Cardumen.patch,plausible_patches,1,1,0
Math46,Cardumen,patch3-Math-46-Cardumen.patch,plausible_patches,1,1,0
Math49,Cardumen,patch3-Math-49-Cardumen.patch,plausible_patches,1,1,0
Math5,Cardumen,patch3-Math-5-Cardumen.patch,plausible_patches,1,1,0
Math50,Cardumen,patch3-Math-50-Cardumen.patch,plausible_patches,1,1,0
Math57,Cardumen,patch3-Math-57-Cardumen.patch,plausible_patches,1,1,0
Math60,Cardumen,patch3-Math-60-Cardumen.patch,plausible_patches,3,3,0
Math63,Cardumen,patch3-Math-63-Cardumen.patch,plausible_patches,1,1,0
Math70,Cardumen,patch3-Math-70-Cardumen.patch,plausible_patches,1,1,0
Math73,Cardumen,patch3-Math-73-Cardumen.patch,plausible_patches,1,1,0
Math78,Cardumen,patch3-Math-78-Cardumen.patch,plausible_patches,1,1,0
Math79,Cardumen,patch3-Math-79-Cardumen.patch,plausible_patches,1,1,0
Math8,Cardumen,patch3-Math-8-Cardumen.patch,plausible_patches,1,1,0
Math80,Cardumen,patch3-Math-80-Cardumen.patch,plausible_patches,1,1,0
Math81,Cardumen,patch3-Math-81-Cardumen.patch,plausible_patches,1,1,0
Math82,Cardumen,patch3-Math-82-Cardumen.patch,plausible_patches,1,1,0
Math84,Cardumen,patch3-Math-84-Cardumen.patch,plausible_patches,1,1,0
Math85,Cardumen,patch3-Math-85-Cardumen.patch,plausible_patches,1,1,0
Math88,Cardumen,patch3-Math-88-Cardumen.patch,plausible_patches,1,1,0
Math95,Cardumen,patch3-Math-95-Cardumen.patch,plausible_patches,1,1,0
Math97,Cardumen,patch3-Math-97-Cardumen.patch,plausible_patches,1,1,0
Math18,Cardumen,patch4-Math-18-Cardumen.patch,plausible_patches,1,1,0
Math2,Cardumen,patch4-Math-2-Cardumen.patch,plausible_patches,2,2,0
Math20,Cardumen,patch4-Math-20-Cardumen.patch,plausible_patches,1,1,0
Math28,Cardumen,patch4-Math-28-Cardumen.patch,plausible_patches,1,1,0
Math30,Cardumen,patch4-Math-30-Cardumen.patch,plausible_patches,1,1,0
Math40,Cardumen,patch4-Math-40-Cardumen.patch,plausible_patches,1,1,0
Math41,Cardumen,patch4-Math-41-Cardumen.patch,plausible_patches,1,1,0
Math46,Cardumen,patch4-Math-46-Cardumen.patch,plausible_patches,1,1,0
Math49,Cardumen,patch4-Math-49-Cardumen.patch,plausible_patches,1,1,0
Math5,Cardumen,patch4-Math-5-Cardumen.patch,plausible_patches,1,1,0
Math50,Cardumen,patch4-Math-50-Cardumen.patch,plausible_patches,1,1,0
Math57,Cardumen,patch4-Math-57-Cardumen.patch,plausible_patches,1,1,0
Math60,Cardumen,patch4-Math-60-Cardumen.patch,plausible_patches,2,2,0
Math63,Cardumen,patch4-Math-63-Cardumen.patch,plausible_patches,1,1,0
Math70,Cardumen,patch4-Math-70-Cardumen.patch,plausible_patches,1,1,0
Math73,Cardumen,patch4-Math-73-Cardumen.patch,plausible_patches,1,1,0
Math78,Cardumen,patch4-Math-78-Cardumen.patch,plausible_patches,1,1,0
Math79,Cardumen,patch4-Math-79-Cardumen.patch,plausible_patches,1,1,0
Math8,Cardumen,patch4-Math-8-Cardumen.patch,plausible_patches,1,1,0
Math80,Cardumen,patch4-Math-80-Cardumen.patch,plausible_patches,1,1,0
Math81,Cardumen,patch4-Math-81-Cardumen.patch,plausible_patches,1,1,0
Math82,Cardumen,patch4-Math-82-Cardumen.patch,plausible_patches,1,1,0
Math84,Cardumen,patch4-Math-84-Cardumen.patch,plausible_patches,1,1,0
Math85,Cardumen,patch4-Math-85-Cardumen.patch,plausible_patches,1,1,0
Math88,Cardumen,patch4-Math-88-Cardumen.patch,plausible_patches,1,1,0
Math95,Cardumen,patch4-Math-95-Cardumen.patch,plausible_patches,1,1,0
Math97,Cardumen,patch4-Math-97-Cardumen.patch,plausible_patches,1,1,0
Math2,Cardumen,patch5-Math-2-Cardumen.patch,plausible_patches,1,1,0
Math20,Cardumen,patch5-Math-20-Cardumen.patch,plausible_patches,1,1,0
Math28,Cardumen,patch5-Math-28-Cardumen.patch,plausible_patches,1,1,0
Math30,Cardumen,patch5-Math-30-Cardumen.patch,plausible_patches,1,1,0
Math40,Cardumen,patch5-Math-40-Cardumen.patch,plausible_patches,1,1,0
Math41,Cardumen,patch5-Math-41-Cardumen.patch,plausible_patches,1,1,0
Math46,Cardumen,patch5-Math-46-Cardumen.patch,plausible_patches,1,1,0
Math49,Cardumen,patch5-Math-49-Cardumen.patch,plausible_patches,1,1,0
Math5,Cardumen,patch5-Math-5-Cardumen.patch,plausible_patches,0,0,0
Math50,Cardumen,patch5-Math-50-Cardumen.patch,plausible_patches,1,1,0
Math57,Cardumen,patch5-Math-57-Cardumen.patch,plausible_patches,1,1,0
Math60,Cardumen,patch5-Math-60-Cardumen.patch,plausible_patches,2,2,0
Math63,Cardumen,patch5-Math-63-Cardumen.patch,plausible_patches,1,1,0
Math70,Cardumen,patch5-Math-70-Cardumen.patch,plausible_patches,1,1,0
Math73,Cardumen,patch5-Math-73-Cardumen.patch,plausible_patches,1,1,0
Math78,Cardumen,patch5-Math-78-Cardumen.patch,plausible_patches,1,1,0
Math79,Cardumen,patch5-Math-79-Cardumen.patch,plausible_patches,1,1,0
Math8,Cardumen,patch5-Math-8-Cardumen.patch,plausible_patches,1,1,0
Math80,Cardumen,patch5-Math-80-Cardumen.patch,plausible_patches,1,1,0
Math81,Cardumen,patch5-Math-81-Cardumen.patch,plausible_patches,1,1,0
Math82,Cardumen,patch5-Math-82-Cardumen.patch,plausible_patches,1,1,0
Math84,Cardumen,patch5-Math-84-Cardumen.patch,plausible_patches,1,1,0
Math85,Cardumen,patch5-Math-85-Cardumen.patch,plausible_patches,1,1,0
Math88,Cardumen,patch5-Math-88-Cardumen.patch,plausible_patches,1,1,0
Math95,Cardumen,patch5-Math-95-Cardumen.patch,plausible_patches,1,1,0
Math97,Cardumen,patch5-Math-97-Cardumen.patch,plausible_patches,1,1,0
Math49,Cardumen,patch6-Math-49-Cardumen.patch,plausible_patches,1,1,0
Time11,Cardumen,patch1-Time-11-Cardumen.patch,plausible_patches,1,1,0
Time17,Cardumen,patch1-Time-17-Cardumen.patch,plausible_patches,1,1,0
Time18,Cardumen,patch1-Time-18-Cardumen.patch,plausible_patches,1,1,0
Time4,Cardumen,patch1-Time-4-Cardumen.patch,plausible_patches,1,1,0
Time7,Cardumen,patch1-Time-7-Cardumen.patch,plausible_patches,1,1,0
Time9,Cardumen,patch1-Time-9-Cardumen.patch,plausible_patches,1,1,0
Time11,Cardumen,patch2-Time-11-Cardumen.patch,plausible_patches,1,1,0
Time17,Cardumen,patch2-Time-17-Cardumen.patch,plausible_patches,1,1,0
Time4,Cardumen,patch2-Time-4-Cardumen.patch,plausible_patches,1,1,0
Time11,Cardumen,patch3-Time-11-Cardumen.patch,plausible_patches,1,3,-2
Time17,Cardumen,patch3-Time-17-Cardumen.patch,plausible_patches,1,1,0
Time4,Cardumen,patch3-Time-4-Cardumen.patch,plausible_patches,1,1,0
Time11,Cardumen,patch4-Time-11-Cardumen.patch,plausible_patches,1,2,-1
Time17,Cardumen,patch4-Time-17-Cardumen.patch,plausible_patches,1,1,0
Time4,Cardumen,patch4-Time-4-Cardumen.patch,plausible_patches,1,1,0
Time11,Cardumen,patch5-Time-11-Cardumen.patch,plausible_patches,1,2,-1
Time17,Cardumen,patch5-Time-17-Cardumen.patch,plausible_patches,1,1,0
Time4,Cardumen,patch5-Time-4-Cardumen.patch,plausible_patches,1,1,0
Math70,CardumenTest,patch1-Math-70-CardumenTest.patch,plausible_patches,0,0,0
Chart1,Dynamoth,patch-Chart-1-Dynamoth.patch,plausible_patches,4,2,2
Chart13,Dynamoth,patch-Chart-13-Dynamoth.patch,plausible_patches,9,7,2
Chart15,Dynamoth,patch-Chart-15-Dynamoth.patch,plausible_patches,3,1,2
Chart17,Dynamoth,patch-Chart-17-Dynamoth.patch,plausible_patches,3,1,2
Chart21,Dynamoth,patch-Chart-21-Dynamoth.patch,plausible_patches,3,1,2
Chart25,Dynamoth,patch-Chart-25-Dynamoth.patch,plausible_patches,9,7,2
Chart26,Dynamoth,patch-Chart-26-Dynamoth.patch,plausible_patches,1,1,0
Chart4,Dynamoth,patch-Chart-4-Dynamoth.patch,plausible_patches,3,1,2
Chart5,Dynamoth,patch-Chart-5-Dynamoth.patch,plausible_patches,1,1,0
Chart6,Dynamoth,patch-Chart-6-Dynamoth.patch,plausible_patches,3,1,2
Chart9,Dynamoth,patch-Chart-9-Dynamoth.patch,plausible_patches,1,1,0
Closure1,Dynamoth,patch-Closure-1-Dynamoth.patch,plausible_patches,3,1,2
Closure10,Dynamoth,patch-Closure-10-Dynamoth.patch,plausible_patches,7,5,2
Closure11,Dynamoth,patch-Closure-11-Dynamoth.patch,plausible_patches,7,5,2
Closure12,Dynamoth,patch-Closure-12-Dynamoth.patch,plausible_patches,7,5,2
Closure13,Dynamoth,patch-Closure-13-Dynamoth.patch,plausible_patches,7,5,2
Closure14,Dynamoth,patch-Closure-14-Dynamoth.patch,plausible_patches,7,5,2
Closure15,Dynamoth,patch-Closure-15-Dynamoth.patch,plausible_patches,7,5,2
Closure16,Dynamoth,patch-Closure-16-Dynamoth.patch,plausible_patches,7,5,2
Closure2,Dynamoth,patch-Closure-2-Dynamoth.patch,plausible_patches,7,5,2
Closure3,Dynamoth,patch-Closure-3-Dynamoth.patch,plausible_patches,7,5,2
Closure4,Dynamoth,patch-Closure-4-Dynamoth.patch,plausible_patches,7,5,2
Closure5,Dynamoth,patch-Closure-5-Dynamoth.patch,plausible_patches,7,5,2
Closure6,Dynamoth,patch-Closure-6-Dynamoth.patch,plausible_patches,7,5,2
Closure7,Dynamoth,patch-Closure-7-Dynamoth.patch,plausible_patches,7,5,2
Closure8,Dynamoth,patch-Closure-8-Dynamoth.patch,plausible_patches,7,5,2
Closure9,Dynamoth,patch-Closure-9-Dynamoth.patch,plausible_patches,7,5,2
Lang39,Dynamoth,patch-Lang-39-Dynamoth.patch,plausible_patches,5,4,1
Lang44,Dynamoth,patch-Lang-44-Dynamoth.patch,plausible_patches,2,4,-2
Lang51,Dynamoth,patch-Lang-51-Dynamoth.patch,plausible_patches,4,4,0
Lang55,Dynamoth,patch-Lang-55-Dynamoth.patch,plausible_patches,3,1,2
Lang58,Dynamoth,patch-Lang-58-Dynamoth.patch,plausible_patches,2,5,-3
Lang63,Dynamoth,patch-Lang-63-Dynamoth.patch,plausible_patches,3,1,2
Chart13,Elixir,patch1-Chart-13-Elixir.patch,plausible_patches,4,0,4
Chart17,Elixir,patch1-Chart-17-Elixir.patch,plausible_patches,2,2,0
Chart1,JGenProg2017,patch1-Chart-1-JGenProg2017.patch,plausible_patches,1,1,0
Chart12,JGenProg2017,patch1-Chart-12-JGenProg2017.patch,plausible_patches,1,1,0
Chart13,JGenProg2017,patch1-Chart-13-JGenProg2017.patch,plausible_patches,3,8,-5
Chart15,JGenProg2017,patch1-Chart-15-JGenProg2017.patch,plausible_patches,1,2,-1
Chart19,JGenProg2017,patch1-Chart-19-JGenProg2017.patch,plausible_patches,3,0,3
Chart25,JGenProg2017,patch1-Chart-25-JGenProg2017.patch,plausible_patches,0,3,-3
Chart26,JGenProg2017,patch1-Chart-26-JGenProg2017.patch,plausible_patches,0,77,-77
Chart3,JGenProg2017,patch1-Chart-3-JGenProg2017.patch,plausible_patches,1,0,1
Chart5,JGenProg2017,patch1-Chart-5-JGenProg2017.patch,plausible_patches,1,1,0
Chart7,JGenProg2017,patch1-Chart-7-JGenProg2017.patch,plausible_patches,1,1,0
Chart1,JGenProg2017,patch2-Chart-1-JGenProg2017.patch,plausible_patches,0,3,-3
Chart13,JGenProg2017,patch2-Chart-13-JGenProg2017.patch,plausible_patches,1,1,0
Chart15,JGenProg2017,patch2-Chart-15-JGenProg2017.patch,plausible_patches,6,7,-1
Chart25,JGenProg2017,patch2-Chart-25-JGenProg2017.patch,plausible_patches,0,8,-8
Chart26,JGenProg2017,patch2-Chart-26-JGenProg2017.patch,plausible_patches,0,12,-12
Chart3,JGenProg2017,patch2-Chart-3-JGenProg2017.patch,plausible_patches,1,0,1
Chart5,JGenProg2017,patch2-Chart-5-JGenProg2017.patch,plausible_patches,1,1,0
Chart7,JGenProg2017,patch2-Chart-7-JGenProg2017.patch,plausible_patches,1,1,0
Chart1,JGenProg2017,patch3-Chart-1-JGenProg2017.patch,plausible_patches,0,1,-1
Chart13,JGenProg2017,patch3-Chart-13-JGenProg2017.patch,plausible_patches,3,8,-5
Chart15,JGenProg2017,patch3-Chart-15-JGenProg2017.patch,plausible_patches,6,3,3
Chart25,JGenProg2017,patch3-Chart-25-JGenProg2017.patch,plausible_patches,0,38,-38
Chart26,JGenProg2017,patch3-Chart-26-JGenProg2017.patch,plausible_patches,0,8,-8
Chart3,JGenProg2017,patch3-Chart-3-JGenProg2017.patch,plausible_patches,1,1,0
Chart1,JGenProg2017,patch4-Chart-1-JGenProg2017.patch,plausible_patches,1,1,0
Chart13,JGenProg2017,patch4-Chart-13-JGenProg2017.patch,plausible_patches,1,1,0
Chart15,JGenProg2017,patch4-Chart-15-JGenProg2017.patch,plausible_patches,1,1,0
Chart25,JGenProg2017,patch4-Chart-25-JGenProg2017.patch,plausible_patches,0,1,-1
Chart26,JGenProg2017,patch4-Chart-26-JGenProg2017.patch,plausible_patches,1,1,0
Chart3,JGenProg2017,patch4-Chart-3-JGenProg2017.patch,plausible_patches,1,0,1
Chart1,JGenProg2017,patch5-Chart-1-JGenProg2017.patch,plausible_patches,6,2,4
Chart13,JGenProg2017,patch5-Chart-13-JGenProg2017.patch,plausible_patches,1,1,0
Chart25,JGenProg2017,patch5-Chart-25-JGenProg2017.patch,plausible_patches,0,1,-1
Chart26,JGenProg2017,patch5-Chart-26-JGenProg2017.patch,plausible_patches,1,1,0
Chart3,JGenProg2017,patch5-Chart-3-JGenProg2017.patch,plausible_patches,1,0,1
Closure21,jGenProg2017,patch1-Closure-21-jGenProg2017.patch,plausible_patches,0,2,-2
Closure22,jGenProg2017,patch1-Closure-22-jGenProg2017.patch,plausible_patches,0,9,-9
Closure59,jGenProg2017,patch1-Closure-59-jGenProg2017.patch,plausible_patches,0,1,-1
Closure21,jGenProg2017,patch2-Closure-21-jGenProg2017.patch,plausible_patches,0,6,-6
Closure22,jGenProg2017,patch2-Closure-22-jGenProg2017.patch,plausible_patches,2,2,0
Closure22,jGenProg2017,patch3-Closure-22-jGenProg2017.patch,plausible_patches,0,13,-13
Closure22,jGenProg2017,patch4-Closure-22-jGenProg2017.patch,plausible_patches,0,4,-4
Lang10,JGenProg2017,patch1-Lang-10-JGenProg2017.patch,plausible_patches,0,7,-7
Lang22,JGenProg2017,patch1-Lang-22-JGenProg2017.patch,plausible_patches,0,1,-1
Lang24,JGenProg2017,patch1-Lang-24-JGenProg2017.patch,plausible_patches,3,0,3
Lang27,JGenProg2017,patch1-Lang-27-JGenProg2017.patch,plausible_patches,1,1,0
Lang39,JGenProg2017,patch1-Lang-39-JGenProg2017.patch,plausible_patches,0,7,-7
Lang7,JGenProg2017,patch1-Lang-7-JGenProg2017.patch,plausible_patches,1,1,0
Lang22,JGenProg2017,patch2-Lang-22-JGenProg2017.patch,plausible_patches,0,4,-4
Lang27,JGenProg2017,patch2-Lang-27-JGenProg2017.patch,plausible_patches,1,0,1
Lang39,JGenProg2017,patch2-Lang-39-JGenProg2017.patch,plausible_patches,13,7,6
Lang7,JGenProg2017,patch2-Lang-7-JGenProg2017.patch,plausible_patches,3,3,0
Lang22,JGenProg2017,patch3-Lang-22-JGenProg2017.patch,plausible_patches,3,3,0
Lang39,JGenProg2017,patch3-Lang-39-JGenProg2017.patch,plausible_patches,13,7,6
Lang7,JGenProg2017,patch3-Lang-7-JGenProg2017.patch,plausible_patches,0,3,-3
Lang7,JGenProg2017,patch4-Lang-7-JGenProg2017.patch,plausible_patches,1,1,0
Lang7,JGenProg2017,patch5-Lang-7-JGenProg2017.patch,plausible_patches,1,1,0
Math2,JGenProg2017,patch1-Math-2-JGenProg2017.patch,plausible_patches,0,1,-1
Math20,JGenProg2017,patch1-Math-20-JGenProg2017.patch,plausible_patches,1,1,0
Math28,JGenProg2017,patch1-Math-28-JGenProg2017.patch,plausible_patches,0,7,-7
Math32,JGenProg2017,patch1-Math-32-JGenProg2017.patch,plausible_patches,1,0,1
Math39,JGenProg2017,patch1-Math-39-JGenProg2017.patch,plausible_patches,3,1,2
Math40,JGenProg2017,patch1-Math-40-JGenProg2017.patch,plausible_patches,1,1,0
Math49,JGenProg2017,patch1-Math-49-JGenProg2017.patch,plausible_patches,0,1,-1
Math5,JGenProg2017,patch1-Math-5-JGenProg2017.patch,plausible_patches,1,1,0
Math50,JGenProg2017,patch1-Math-50-JGenProg2017.patch,plausible_patches,0,1,-1
Math53,JGenProg2017,patch1-Math-53-JGenProg2017.patch,plausible_patches,3,0,3
Math56,JGenProg2017,patch1-Math-56-JGenProg2017.patch,plausible_patches,4,0,4
Math7,JGenProg2017,patch1-Math-7-JGenProg2017.patch,plausible_patches,1,0,1
Math70,JGenProg2017,patch1-Math-70-JGenProg2017.patch,plausible_patches,1,1,0
Math73,JGenProg2017,patch1-Math-73-JGenProg2017.patch,plausible_patches,1,1,0
Math74,JGenProg2017,patch1-Math-74-JGenProg2017.patch,plausible_patches,1,2,-1
Math78,JGenProg2017,patch1-Math-78-JGenProg2017.patch,plausible_patches,1,0,1
Math8,JGenProg2017,patch1-Math-8-JGenProg2017.patch,plausible_patches,0,3,-3
Math80,JGenProg2017,patch1-Math-80-JGenProg2017.patch,plausible_patches,0,8,-8
Math81,JGenProg2017,patch1-Math-81-JGenProg2017.patch,plausible_patches,0,1,-1
Math82,JGenProg2017,patch1-Math-82-JGenProg2017.patch,plausible_patches,0,1,-1
Math84,JGenProg2017,patch1-Math-84-JGenProg2017.patch,plausible_patches,1,1,0
Math85,JGenProg2017,patch1-Math-85-JGenProg2017.patch,plausible_patches,1,6,-5
Math95,JGenProg2017,patch1-Math-95-JGenProg2017.patch,plausible_patches,1,1,0
Math2,JGenProg2017,patch2-Math-2-JGenProg2017.patch,plausible_patches,1,12,-11
Math20,JGenProg2017,patch2-Math-20-JGenProg2017.patch,plausible_patches,1,1,0
Math28,JGenProg2017,patch2-Math-28-JGenProg2017.patch,plausible_patches,1,1,0
Math32,JGenProg2017,patch2-Math-32-JGenProg2017.patch,plausible_patches,1,1,0
Math40,JGenProg2017,patch2-Math-40-JGenProg2017.patch,plausible_patches,1,1,0
Math49,JGenProg2017,patch2-Math-49-JGenProg2017.patch,plausible_patches,1,1,0
Math50,JGenProg2017,patch2-Math-50-JGenProg2017.patch,plausible_patches,1,1,0
Math53,JGenProg2017,patch2-Math-53-JGenProg2017.patch,plausible_patches,3,0,3
Math70,JGenProg2017,patch2-Math-70-JGenProg2017.patch,plausible_patches,1,1,0
Math73,JGenProg2017,patch2-Math-73-JGenProg2017.patch,plausible_patches,1,1,0
Math74,JGenProg2017,patch2-Math-74-JGenProg2017.patch,plausible_patches,1,0,1
Math78,JGenProg2017,patch2-Math-78-JGenProg2017.patch,plausible_patches,1,0,1
Math8,JGenProg2017,patch2-Math-8-JGenProg2017.patch,plausible_patches,0,1,-1
Math80,JGenProg2017,patch2-Math-80-JGenProg2017.patch,plausible_patches,1,1,0
Math81,JGenProg2017,patch2-Math-81-JGenProg2017.patch,plausible_patches,1,1,0
Math84,JGenProg2017,patch2-Math-84-JGenProg2017.patch,plausible_patches,1,1,0
Math85,JGenProg2017,patch2-Math-85-JGenProg2017.patch,plausible_patches,3,8,-5
Math95,JGenProg2017,patch2-Math-95-JGenProg2017.patch,plausible_patches,1,1,0
Math2,JGenProg2017,patch3-Math-2-JGenProg2017.patch,plausible_patches,3,12,-9
Math20,JGenProg2017,patch3-Math-20-JGenProg2017.patch,plausible_patches,0,1,-1
Math28,JGenProg2017,patch3-Math-28-JGenProg2017.patch,plausible_patches,1,1,0
Math40,JGenProg2017,patch3-Math-40-JGenProg2017.patch,plausible_patches,1,0,1
Math49,JGenProg2017,patch3-Math-49-JGenProg2017.patch,plausible_patches,1,0,1
Math50,JGenProg2017,patch3-Math-50-JGenProg2017.patch,plausible_patches,1,1,0
Math73,JGenProg2017,patch3-Math-73-JGenProg2017.patch,plausible_patches,1,1,0
Math74,JGenProg2017,patch3-Math-74-JGenProg2017.patch,plausible_patches,1,0,1
Math78,JGenProg2017,patch3-Math-78-JGenProg2017.patch,plausible_patches,1,0,1
Math80,JGenProg2017,patch3-Math-80-JGenProg2017.patch,plausible_patches,1,1,0
Math81,JGenProg2017,patch3-Math-81-JGenProg2017.patch,plausible_patches,1,1,0
Math85,JGenProg2017,patch3-Math-85-JGenProg2017.patch,plausible_patches,0,8,-8
Math95,JGenProg2017,patch3-Math-95-JGenProg2017.patch,plausible_patches,1,1,0
Math2,JGenProg2017,patch4-Math-2-JGenProg2017.patch,plausible_patches,3,3,0
Math20,JGenProg2017,patch4-Math-20-JGenProg2017.patch,plausible_patches,1,1,0
Math28,JGenProg2017,patch4-Math-28-JGenProg2017.patch,plausible_patches,1,38,-37
Math49,JGenProg2017,patch4-Math-49-JGenProg2017.patch,plausible_patches,1,0,1
Math50,JGenProg2017,patch4-Math-50-JGenProg2017.patch,plausible_patches,1,1,0
Math73,JGenProg2017,patch4-Math-73-JGenProg2017.patch,plausible_patches,1,1,0
Math74,JGenProg2017,patch4-Math-74-JGenProg2017.patch,plausible_patches,1,1,0
Math78,JGenProg2017,patch4-Math-78-JGenProg2017.patch,plausible_patches,1,1,0
Math80,JGenProg2017,patch4-Math-80-JGenProg2017.patch,plausible_patches,1,1,0
Math81,JGenProg2017,patch4-Math-81-JGenProg2017.patch,plausible_patches,0,4,-4
Math85,JGenProg2017,patch4-Math-85-JGenProg2017.patch,plausible_patches,3,8,-5
Math95,JGenProg2017,patch4-Math-95-JGenProg2017.patch,plausible_patches,1,1,0
Math2,JGenProg2017,patch5-Math-2-JGenProg2017.patch,plausible_patches,3,3,0
Math20,JGenProg2017,patch5-Math-20-JGenProg2017.patch,plausible_patches,0,4,-4
Math28,JGenProg2017,patch5-Math-28-JGenProg2017.patch,plausible_patches,0,0,0
Math49,JGenProg2017,patch5-Math-49-JGenProg2017.patch,plausible_patches,1,0,1
Math50,JGenProg2017,patch5-Math-50-JGenProg2017.patch,plausible_patches,1,0,1
Math73,JGenProg2017,patch5-Math-73-JGenProg2017.patch,plausible_patches,1,1,0
Math74,JGenProg2017,patch5-Math-74-JGenProg2017.patch,plausible_patches,1,0,1
Math78,JGenProg2017,patch5-Math-78-JGenProg2017.patch,plausible_patches,1,0,1
Math80,JGenProg2017,patch5-Math-80-JGenProg2017.patch,plausible_patches,0,1,-1
Math81,JGenProg2017,patch5-Math-81-JGenProg2017.patch,plausible_patches,3,20,-17
Math85,JGenProg2017,patch5-Math-85-JGenProg2017.patch,plausible_patches,3,8,-5
Math95,JGenProg2017,patch5-Math-95-JGenProg2017.patch,plausible_patches,1,1,0
Time11,jGenProg2017,patch1-Time-11-jGenProg2017.patch,plausible_patches,3,6,-3
Time4,jGenProg2017,patch1-Time-4-jGenProg2017.patch,plausible_patches,1,1,0
Time11,jGenProg2017,patch2-Time-11-jGenProg2017.patch,plausible_patches,3,17,-14
Time4,jGenProg2017,patch2-Time-4-jGenProg2017.patch,plausible_patches,1,1,0
Time11,jGenProg2017,patch3-Time-11-jGenProg2017.patch,plausible_patches,0,4,-4
Time4,jGenProg2017,patch3-Time-4-jGenProg2017.patch,plausible_patches,1,1,0
Time11,jGenProg2017,patch4-Time-11-jGenProg2017.patch,plausible_patches,1,22,-21
Time4,jGenProg2017,patch4-Time-4-jGenProg2017.patch,plausible_patches,1,1,0
Time11,jGenProg2017,patch5-Time-11-jGenProg2017.patch,plausible_patches,3,6,-3
Time4,jGenProg2017,patch5-Time-4-jGenProg2017.patch,plausible_patches,1,1,0
Math73,JGenProg2017,patch3-Math-73-JGenProg2017.patch,plausible_patches,1,1,0
Math73,JGenProg2017,patch5-Math-73-JGenProg2017.patch,plausible_patches,1,1,0
Chart1,jKali,patch1-Chart-1-jKali.patch,plausible_patches,1,1,0
Chart26,jKali,patch1-Chart-26-jKali.patch,plausible_patches,1,1,0
Chart5,jKali,patch1-Chart-5-jKali.patch,plausible_patches,1,1,0
Chart1,jKali,patch2-Chart-1-jKali.patch,plausible_patches,0,3,-3
Chart26,jKali,patch2-Chart-26-jKali.patch,plausible_patches,0,12,-12
Chart1,jKali,patch3-Chart-1-jKali.patch,plausible_patches,0,1,-1
Chart26,jKali,patch3-Chart-26-jKali.patch,plausible_patches,1,1,0
Chart26,jKali,patch4-Chart-26-jKali.patch,plausible_patches,1,1,0
Chart26,jKali,patch7-Chart-26-jKali.patch,plausible_patches,0,1,-1
Closure10,jKali,patch1-Closure-10-jKali.patch,plausible_patches,1,1,0
Closure13,jKali,patch1-Closure-13-jKali.patch,plausible_patches,0,1,-1
Closure21,jKali,patch1-Closure-21-jKali.patch,plausible_patches,0,6,-6
Closure22,jKali,patch1-Closure-22-jKali.patch,plausible_patches,1,1,0
Closure45,jKali,patch1-Closure-45-jKali.patch,plausible_patches,1,2,-1
Closure46,jKali,patch1-Closure-46-jKali.patch,plausible_patches,1,1,0
Closure13,jKali,patch2-Closure-13-jKali.patch,plausible_patches,0,1,-1
Closure21,jKali,patch2-Closure-21-jKali.patch,plausible_patches,1,1,0
Closure22,jKali,patch2-Closure-22-jKali.patch,plausible_patches,0,13,-13
Closure21,jKali,patch3-Closure-21-jKali.patch,plausible_patches,1,1,0
Closure22,jKali,patch3-Closure-22-jKali.patch,plausible_patches,0,9,-9
Closure21,jKali,patch4-Closure-21-jKali.patch,plausible_patches,1,1,0
Closure22,jKali,patch4-Closure-22-jKali.patch,plausible_patches,1,1,0
Closure21,jKali,patch5-Closure-21-jKali.patch,plausible_patches,0,2,-2
Math28,jKali,patch1-Math-28-jKali.patch,plausible_patches,1,1,0
Math32,jKali,patch1-Math-32-jKali.patch,plausible_patches,1,1,0
Math49,jKali,patch1-Math-49-jKali.patch,plausible_patches,1,1,0
Math50,jKali,patch1-Math-50-jKali.patch,plausible_patches,0,1,-1
Math80,jKali,patch1-Math-80-jKali.patch,plausible_patches,0,8,-8
Math81,jKali,patch1-Math-81-jKali.patch,plausible_patches,1,1,0
Math82,jKali,patch1-Math-82-jKali.patch,plausible_patches,0,1,-1
Math84,jKali,patch1-Math-84-jKali.patch,plausible_patches,1,1,0
Math85,jKali,patch1-Math-85-jKali.patch,plausible_patches,0,6,-6
Math20,jKali,patch2-Math-20-jKali.patch,plausible_patches,0,4,-4
Math28,jKali,patch2-Math-28-jKali.patch,plausible_patches,1,1,0
Math49,jKali,patch2-Math-49-jKali.patch,plausible_patches,0,1,-1
Math80,jKali,patch2-Math-80-jKali.patch,plausible_patches,0,5,-5
Math81,jKali,patch2-Math-81-jKali.patch,plausible_patches,1,1,0
Math85,jKali,patch2-Math-85-jKali.patch,plausible_patches,1,1,0
Math20,jKali,patch3-Math-20-jKali.patch,plausible_patches,1,1,0
Math28,jKali,patch3-Math-28-jKali.patch,plausible_patches,0,1,-1
Math80,jKali,patch3-Math-80-jKali.patch,plausible_patches,0,1,-1
Math81,jKali,patch3-Math-81-jKali.patch,plausible_patches,0,20,-20
Math85,jKali,patch3-Math-85-jKali.patch,plausible_patches,0,8,-8
Math28,jKali,patch4-Math-28-jKali.patch,plausible_patches,0,1,-1
Math80,jKali,patch4-Math-80-jKali.patch,plausible_patches,0,2,-2
Math81,jKali,patch4-Math-81-jKali.patch,plausible_patches,0,1,-1
Math28,jKali,patch5-Math-28-jKali.patch,plausible_patches,1,1,0
Math80,jKali,patch5-Math-80-jKali.patch,plausible_patches,1,1,0
Time11,jKali,patch1-Time-11-jKali.patch,plausible_patches,1,1,0
Time11,jKali,patch2-Time-11-jKali.patch,plausible_patches,1,1,0
Time11,jKali,patch3-Time-11-jKali.patch,plausible_patches,0,4,-4
Time11,jKali,patch4-Time-11-jKali.patch,plausible_patches,0,10,-10
Time11,jKali,patch5-Time-11-jKali.patch,plausible_patches,1,2,-1
Chart1,jMutRepair,patch1-Chart-1-jMutRepair.patch,plausible_patches,1,1,0
Chart26,jMutRepair,patch1-Chart-26-jMutRepair.patch,plausible_patches,1,1,0
Chart7,jMutRepair,patch1-Chart-7-jMutRepair.patch,plausible_patches,1,1,0
Chart1,jMutRepair,patch2-Chart-1-jMutRepair.patch,plausible_patches,1,1,0
Chart26,jMutRepair,patch2-Chart-26-jMutRepair.patch,plausible_patches,1,1,0
Chart26,jMutRepair,patch3-Chart-26-jMutRepair.patch,plausible_patches,1,1,0
Chart26,jMutRepair,patch4-Chart-26-jMutRepair.patch,plausible_patches,1,1,0
Chart26,jMutRepair,patch5-Chart-26-jMutRepair.patch,plausible_patches,1,1,0
Closure10,jMutRepair,patch1-Closure-10-jMutRepair.patch,plausible_patches,1,1,0
Closure21,jMutRepair,patch1-Closure-21-jMutRepair.patch,plausible_patches,1,1,0
Closure22,jMutRepair,patch1-Closure-22-jMutRepair.patch,plausible_patches,1,1,0
Closure38,jMutRepair,patch1-Closure-38-jMutRepair.patch,plausible_patches,1,1,0
Closure21,jMutRepair,patch2-Closure-21-jMutRepair.patch,plausible_patches,1,1,0
Closure22,jMutRepair,patch2-Closure-22-jMutRepair.patch,plausible_patches,1,1,0
Closure21,jMutRepair,patch3-Closure-21-jMutRepair.patch,plausible_patches,1,1,0
Closure22,jMutRepair,patch3-Closure-22-jMutRepair.patch,plausible_patches,1,1,0
Closure21,jMutRepair,patch4-Closure-21-jMutRepair.patch,plausible_patches,1,1,0
Closure22,jMutRepair,patch4-Closure-22-jMutRepair.patch,plausible_patches,1,1,0
Closure21,jMutRepair,patch5-Closure-21-jMutRepair.patch,plausible_patches,1,1,0
Closure22,jMutRepair,patch5-Closure-22-jMutRepair.patch,plausible_patches,1,1,0
Math104,jMutRepair,patch1-Math-104-jMutRepair.patch,plausible_patches,1,1,0
Math2,jMutRepair,patch1-Math-2-jMutRepair.patch,plausible_patches,1,1,0
Math28,jMutRepair,patch1-Math-28-jMutRepair.patch,plausible_patches,1,1,0
Math50,jMutRepair,patch1-Math-50-jMutRepair.patch,plausible_patches,1,1,0
Math57,jMutRepair,patch1-Math-57-jMutRepair.patch,plausible_patches,1,1,0
Math58,jMutRepair,patch1-Math-58-jMutRepair.patch,plausible_patches,1,1,0
Math80,jMutRepair,patch1-Math-80-jMutRepair.patch,plausible_patches,1,1,0
Math81,jMutRepair,patch1-Math-81-jMutRepair.patch,plausible_patches,1,1,0
Math82,jMutRepair,patch1-Math-82-jMutRepair.patch,plausible_patches,1,1,0
Math84,jMutRepair,patch1-Math-84-jMutRepair.patch,plausible_patches,1,1,0
Math85,jMutRepair,patch1-Math-85-jMutRepair.patch,plausible_patches,1,1,0
Math88,jMutRepair,patch1-Math-88-jMutRepair.patch,plausible_patches,1,1,0
Math2,jMutRepair,patch2-Math-2-jMutRepair.patch,plausible_patches,1,1,0
Math28,jMutRepair,patch2-Math-28-jMutRepair.patch,plausible_patches,1,1,0
Math81,jMutRepair,patch2-Math-81-jMutRepair.patch,plausible_patches,1,1,0
Math82,jMutRepair,patch2-Math-82-jMutRepair.patch,plausible_patches,1,1,0
Math84,jMutRepair,patch2-Math-84-jMutRepair.patch,plausible_patches,1,1,0
Math2,jMutRepair,patch3-Math-2-jMutRepair.patch,plausible_patches,1,1,0
Math28,jMutRepair,patch3-Math-28-jMutRepair.patch,plausible_patches,1,1,0
Math81,jMutRepair,patch3-Math-81-jMutRepair.patch,plausible_patches,1,1,0
Math84,jMutRepair,patch3-Math-84-jMutRepair.patch,plausible_patches,1,1,0
Math2,jMutRepair,patch4-Math-2-jMutRepair.patch,plausible_patches,1,1,0
Math28,jMutRepair,patch4-Math-28-jMutRepair.patch,plausible_patches,1,1,0
Math81,jMutRepair,patch4-Math-81-jMutRepair.patch,plausible_patches,1,1,0
Math84,jMutRepair,patch4-Math-84-jMutRepair.patch,plausible_patches,1,1,0
Math28,jMutRepair,patch5-Math-28-jMutRepair.patch,plausible_patches,1,1,0
Math81,jMutRepair,patch5-Math-81-jMutRepair.patch,plausible_patches,1,1,0
Time11,jMutRepair,patch1-Time-11-jMutRepair.patch,plausible_patches,1,1,0
Time11,jMutRepair,patch2-Time-11-jMutRepair.patch,plausible_patches,1,1,0
Time11,jMutRepair,patch3-Time-11-jMutRepair.patch,plausible_patches,1,1,0
Time11,jMutRepair,patch4-Time-11-jMutRepair.patch,plausible_patches,1,1,0
Time11,jMutRepair,patch5-Time-11-jMutRepair.patch,plausible_patches,1,1,0