patch1-Math-73-JGenProg2015.patch,correct,fixed,Math,73,ASE15-evosuite,0,0,
patch1-Math-73-JGenProg2015.patch,correct,fixed,Math,73,ASE15-evosuite,1,0,
patch1-Math-73-JGenProg2015.patch,correct,fixed,Math,73,ASE15-evosuite,2,0,
patch1-Math-73-JGenProg2015.patch,correct,fixed,Math,73,ASE15-evosuite,3,0,
patch1-Math-73-JGenProg2015.patch,correct,fixed,Math,73,ASE15-evosuite,4,0,
patch1-Math-73-JGenProg2015.patch,correct,fixed,Math,73,ASE15-evosuite,5,0,
patch1-Math-73-JGenProg2015.patch,correct,fixed,Math,73,ASE15-evosuite,6,0,
patch1-Math-73-JGenProg2015.patch,correct,fixed,Math,73,ASE15-evosuite,7,0,
patch1-Math-73-JGenProg2015.patch,correct,fixed,Math,73,ASE15-evosuite,8,0,
patch1-Math-73-JGenProg2015.patch,correct,fixed,Math,73,ASE15-evosuite,9,0,
patch1-Math-73-JGenProg2015.patch,correct,buggy,Math,73,ASE15-evosuite,0,1,;test00
patch1-Math-73-JGenProg2015.patch,correct,buggy,Math,73,ASE15-evosuite,1,1,;test08
patch1-Math-73-JGenProg2015.patch,correct,buggy,Math,73,ASE15-evosuite,2,1,;test07
patch1-Math-73-JGenProg2015.patch,correct,buggy,Math,73,ASE15-evosuite,3,0,
patch1-Math-73-JGenProg2015.patch,correct,buggy,Math,73,ASE15-evosuite,4,1,;test08
patch1-Math-73-JGenProg2015.patch,correct,buggy,Math,73,ASE15-evosuite,5,1,;test02
patch1-Math-73-JGenProg2015.patch,correct,buggy,Math,73,ASE15-evosuite,6,1,;test10
patch1-Math-73-JGenProg2015.patch,correct,buggy,Math,73,ASE15-evosuite,7,1,;test07
patch1-Math-73-JGenProg2015.patch,correct,buggy,Math,73,ASE15-evosuite,8,1,;test09
patch1-Math-73-JGenProg2015.patch,correct,buggy,Math,73,ASE15-evosuite,9,1,;test08
patch1-Math-73-JGenProg2015.patch,correct,fixed,Math,73,ASE15-randoop,1,0,
patch1-Math-73-JGenProg2015.patch,correct,fixed,Math,73,ASE15-randoop,2,0,
patch1-Math-73-JGenProg2015.patch,correct,fixed,Math,73,ASE15-randoop,3,0,
patch1-Math-73-JGenProg2015.patch,correct,fixed,Math,73,ASE15-randoop,4,0,
patch1-Math-73-JGenProg2015.patch,correct,fixed,Math,73,ASE15-randoop,5,0,
patch1-Math-73-JGenProg2015.patch,correct,fixed,Math,73,ASE15-randoop,6,0,
patch1-Math-73-JGenProg2015.patch,correct,fixed,Math,73,ASE15-randoop,7,0,
patch1-Math-73-JGenProg2015.patch,correct,fixed,Math,73,ASE15-randoop,8,0,
patch1-Math-73-JGenProg2015.patch,correct,fixed,Math,73,ASE15-randoop,9,0,
patch1-Math-73-JGenProg2015.patch,correct,fixed,Math,73,ASE15-randoop,10,0,
patch1-Math-73-JGenProg2015.patch,correct,buggy,Math,73,ASE15-randoop,1,0,
patch1-Math-73-JGenProg2015.patch,correct,buggy,Math,73,ASE15-randoop,2,0,
patch1-Math-73-JGenProg2015.patch,correct,buggy,Math,73,ASE15-randoop,3,0,
patch1-Math-73-JGenProg2015.patch,correct,buggy,Math,73,ASE15-randoop,4,0,
patch1-Math-73-JGenProg2015.patch,correct,buggy,Math,73,ASE15-randoop,5,0,
patch1-Math-73-JGenProg2015.patch,correct,buggy,Math,73,ASE15-randoop,6,0,
patch1-Math-73-JGenProg2015.patch,correct,buggy,Math,73,ASE15-randoop,7,0,
patch1-Math-73-JGenProg2015.patch,correct,buggy,Math,73,ASE15-randoop,8,0,
patch1-Math-73-JGenProg2015.patch,correct,buggy,Math,73,ASE15-randoop,9,0,
patch1-Math-73-JGenProg2015.patch,correct,buggy,Math,73,ASE15-randoop,10,0,
patch1-Chart-7-JGenProg2015-plausible.patch,plausible,fixed,Chart,7,ASE15-evosuite,0,0,
patch1-Chart-7-JGenProg2015-plausible.patch,plausible,fixed,Chart,7,ASE15-evosuite,1,0,
patch1-Chart-7-JGenProg2015-plausible.patch,plausible,fixed,Chart,7,ASE15-evosuite,2,0,
patch1-Chart-7-JGenProg2015-plausible.patch,plausible,fixed,Chart,7,ASE15-evosuite,3,0,
patch1-Chart-7-JGenProg2015-plausible.patch,plausible,fixed,Chart,7,ASE15-evosuite,4,0,
patch1-Chart-7-JGenProg2015-plausible.patch,plausible,fixed,Chart,7,ASE15-evosuite,5,0,
patch1-Chart-7-JGenProg2015-plausible.patch,plausible,fixed,Chart,7,ASE15-evosuite,6,0,
patch1-Chart-7-JGenProg2015-plausible.patch,plausible,fixed,Chart,7,ASE15-evosuite,7,0,
patch1-Chart-7-JGenProg2015-plausible.patch,plausible,fixed,Chart,7,ASE15-evosuite,8,0,
patch1-Chart-7-JGenProg2015-plausible.patch,plausible,fixed,Chart,7,ASE15-evosuite,9,0,
patch1-Chart-7-JGenProg2015-plausible.patch,plausible,buggy,Chart,7,ASE15-evosuite,0,0,
patch1-Chart-7-JGenProg2015-plausible.patch,plausible,buggy,Chart,7,ASE15-evosuite,1,0,
patch1-Chart-7-JGenProg2015-plausible.patch,plausible,buggy,Chart,7,ASE15-evosuite,2,0,
patch1-Chart-7-JGenProg2015-plausible.patch,plausible,buggy,Chart,7,ASE15-evosuite,3,0,
patch1-Chart-7-JGenProg2015-plausible.patch,plausible,buggy,Chart,7,ASE15-evosuite,4,0,
patch1-Chart-7-JGenProg2015-plausible.patch,plausible,buggy,Chart,7,ASE15-evosuite,5,0,
patch1-Chart-7-JGenProg2015-plausible.patch,plausible,buggy,Chart,7,ASE15-evosuite,6,0,
patch1-Chart-7-JGenProg2015-plausible.patch,plausible,buggy,Chart,7,ASE15-evosuite,7,0,
patch1-Chart-7-JGenProg2015-plausible.patch,plausible,buggy,Chart,7,ASE15-evosuite,8,0,
patch1-Chart-7-JGenProg2015-plausible.patch,plausible,buggy,Chart,7,ASE15-evosuite,9,0,
patch1-Chart-7-JGenProg2015-plausible.patch,plausible,fixed,Chart,7,ASE15-randoop,1,0,
patch1-Chart-7-JGenProg2015-plausible.patch,plausible,fixed,Chart,7,ASE15-randoop,2,No-Tests,
patch1-Chart-7-JGenProg2015-plausible.patch,plausible,fixed,Chart,7,ASE15-randoop,3,0,
patch1-Chart-7-JGenProg2015-plausible.patch,plausible,fixed,Chart,7,ASE15-randoop,4,0,
patch1-Chart-7-JGenProg2015-plausible.patch,plausible,fixed,Chart,7,ASE15-randoop,5,0,
patch1-Chart-7-JGenProg2015-plausible.patch,plausible,fixed,Chart,7,ASE15-randoop,6,0,
patch1-Chart-7-JGenProg2015-plausible.patch,plausible,fixed,Chart,7,ASE15-randoop,7,0,
patch1-Chart-7-JGenProg2015-plausible.patch,plausible,fixed,Chart,7,ASE15-randoop,8,0,
patch1-Chart-7-JGenProg2015-plausible.patch,plausible,fixed,Chart,7,ASE15-randoop,9,0,
patch1-Chart-7-JGenProg2015-plausible.patch,plausible,fixed,Chart,7,ASE15-randoop,10,0,
patch1-Chart-7-JGenProg2015-plausible.patch,plausible,buggy,Chart,7,ASE15-randoop,1,0,
patch1-Chart-7-JGenProg2015-plausible.patch,plausible,buggy,Chart,7,ASE15-randoop,2,No-Tests,
patch1-Chart-7-JGenProg2015-plausible.patch,plausible,buggy,Chart,7,ASE15-randoop,3,0,
patch1-Chart-7-JGenProg2015-plausible.patch,plausible,buggy,Chart,7,ASE15-randoop,4,0,
patch1-Chart-7-JGenProg2015-plausible.patch,plausible,buggy,Chart,7,ASE15-randoop,5,0,
patch1-Chart-7-JGenProg2015-plausible.patch,plausible,buggy,Chart,7,ASE15-randoop,6,0,
patch1-Chart-7-JGenProg2015-plausible.patch,plausible,buggy,Chart,7,ASE15-randoop,7,0,
patch1-Chart-7-JGenProg2015-plausible.patch,plausible,buggy,Chart,7,ASE15-randoop,8,0,
patch1-Chart-7-JGenProg2015-plausible.patch,plausible,buggy,Chart,7,ASE15-randoop,9,0,
patch1-Chart-7-JGenProg2015-plausible.patch,plausible,buggy,Chart,7,ASE15-randoop,10,0,
patch1-Chart-15-JGenProg2015-plausible.patch,plausible,fixed,Chart,15,ASE15-evosuite,0,0,
patch1-Chart-15-JGenProg2015-plausible.patch,plausible,fixed,Chart,15,ASE15-evosuite,1,0,
patch1-Chart-15-JGenProg2015-plausible.patch,plausible,fixed,Chart,15,ASE15-evosuite,2,0,
patch1-Chart-15-JGenProg2015-plausible.patch,plausible,fixed,Chart,15,ASE15-evosuite,3,0,
patch1-Chart-15-JGenProg2015-plausible.patch,plausible,fixed,Chart,15,ASE15-evosuite,4,0,
patch1-Chart-15-JGenProg2015-plausible.patch,plausible,fixed,Chart,15,ASE15-evosuite,5,0,
patch1-Chart-15-JGenProg2015-plausible.patch,plausible,fixed,Chart,15,ASE15-evosuite,6,0,
patch1-Chart-15-JGenProg2015-plausible.patch,plausible,fixed,Chart,15,ASE15-evosuite,7,0,
patch1-Chart-15-JGenProg2015-plausible.patch,plausible,fixed,Chart,15,ASE15-evosuite,8,0,
patch1-Chart-15-JGenProg2015-plausible.patch,plausible,fixed,Chart,15,ASE15-evosuite,9,0,
patch1-Chart-15-JGenProg2015-plausible.patch,plausible,buggy,Chart,15,ASE15-evosuite,0,2,;test020;test072
patch1-Chart-15-JGenProg2015-plausible.patch,plausible,buggy,Chart,15,ASE15-evosuite,1,0,
patch1-Chart-15-JGenProg2015-plausible.patch,plausible,buggy,Chart,15,ASE15-evosuite,2,1,;test077
patch1-Chart-15-JGenProg2015-plausible.patch,plausible,buggy,Chart,15,ASE15-evosuite,3,0,
patch1-Chart-15-JGenProg2015-plausible.patch,plausible,buggy,Chart,15,ASE15-evosuite,4,2,;test10;test27
patch1-Chart-15-JGenProg2015-plausible.patch,plausible,buggy,Chart,15,ASE15-evosuite,5,2,;test027;test076
patch1-Chart-15-JGenProg2015-plausible.patch,plausible,buggy,Chart,15,ASE15-evosuite,6,1,;test10
patch1-Chart-15-JGenProg2015-plausible.patch,plausible,buggy,Chart,15,ASE15-evosuite,7,2,;test57;test69
patch1-Chart-15-JGenProg2015-plausible.patch,plausible,buggy,Chart,15,ASE15-evosuite,8,1,;test008
patch1-Chart-15-JGenProg2015-plausible.patch,plausible,buggy,Chart,15,ASE15-evosuite,9,2,;test009;test025
patch1-Chart-15-JGenProg2015-plausible.patch,plausible,fixed,Chart,15,ASE15-randoop,1,0,
patch1-Chart-15-JGenProg2015-plausible.patch,plausible,fixed,Chart,15,ASE15-randoop,2,0,
patch1-Chart-15-JGenProg2015-plausible.patch,plausible,fixed,Chart,15,ASE15-randoop,3,0,
patch1-Chart-15-JGenProg2015-plausible.patch,plausible,fixed,Chart,15,ASE15-randoop,4,No-Tests,
patch1-Chart-15-JGenProg2015-plausible.patch,plausible,fixed,Chart,15,ASE15-randoop,5,0,
patch1-Chart-15-JGenProg2015-plausible.patch,plausible,fixed,Chart,15,ASE15-randoop,6,0,
patch1-Chart-15-JGenProg2015-plausible.patch,plausible,fixed,Chart,15,ASE15-randoop,7,0,
patch1-Chart-15-JGenProg2015-plausible.patch,plausible,fixed,Chart,15,ASE15-randoop,8,0,
patch1-Chart-15-JGenProg2015-plausible.patch,plausible,fixed,Chart,15,ASE15-randoop,9,0,
patch1-Chart-15-JGenProg2015-plausible.patch,plausible,fixed,Chart,15,ASE15-randoop,10,0,
patch1-Chart-15-JGenProg2015-plausible.patch,plausible,buggy,Chart,15,ASE15-randoop,1,60,;  - RandoopTest0::test436;  - RandoopTest1::test138;  - RandoopTest1::test155;  - RandoopTest2::test189;  - RandoopTest2::test234;  - RandoopTest2::test257;  - RandoopTest2::test313;  - RandoopTest2::test319;  - RandoopTest2::test332;  - RandoopTest2::test446;  - RandoopTest2::test456;  - RandoopTest2::test481;  - RandoopTest2::test9;  - RandoopTest3::test205;  - RandoopTest3::test255;  - RandoopTest3::test302;  - RandoopTest3::test437;  - RandoopTest3::test494;  - RandoopTest3::test92;  - RandoopTest4::test108;  - RandoopTest4::test139;  - RandoopTest4::test211;  - RandoopTest4::test222;  - RandoopTest4::test343;  - RandoopTest4::test402;  - RandoopTest4::test427;  - RandoopTest4::test433;  - RandoopTest5::test267;  - RandoopTest5::test373;  - RandoopTest5::test392;  - RandoopTest5::test429;  - RandoopTest5::test450;  - RandoopTest5::test456;  - RandoopTest5::test30;  - RandoopTest5::test90;  - RandoopTest5::test97;  - RandoopTest6::test263;  - RandoopTest6::test297;  - RandoopTest6::test324;  - RandoopTest6::test358;  - RandoopTest6::test425;  - RandoopTest6::test432;  - RandoopTest6::test485;  - RandoopTest7::test196;  - RandoopTest7::test246;  - RandoopTest7::test252;  - RandoopTest7::test355;  - RandoopTest7::test400;  - RandoopTest7::test466;  - RandoopTest7::test469;  - RandoopTest7::test495;  - RandoopTest7::test10;  - RandoopTest7::test84;  - RandoopTest8::test159;  - RandoopTest8::test219;  - RandoopTest8::test224;  - RandoopTest8::test284;  - RandoopTest8::test299;  - RandoopTest8::test373;  - RandoopTest8::test410
patch1-Chart-15-JGenProg2015-plausible.patch,plausible,buggy,Chart,15,ASE15-randoop,2,514,;  - RandoopTest0::test119;  - RandoopTest0::test157;  - RandoopTest0::test169;  - RandoopTest0::test210;  - RandoopTest0::test222;  - RandoopTest0::test240;  - RandoopTest0::test250;  - RandoopTest0::test317;  - RandoopTest0::test328;  - RandoopTest0::test350;  - RandoopTest0::test354;  - RandoopTest0::test384;  - RandoopTest0::test388;  - RandoopTest0::test396;  - RandoopTest0::test399;  - RandoopTest0::test415;  - RandoopTest0::test425;  - RandoopTest0::test459;  - RandoopTest0::test461;  - RandoopTest0::test469;  - RandoopTest0::test476;  - RandoopTest0::test478;  - RandoopTest0::test480;  - RandoopTest0::test498;  - RandoopTest0::test67;  - RandoopTest1::test101;  - RandoopTest1::test109;  - RandoopTest1::test117;  - RandoopTest1::test121;  - RandoopTest1::test130;  - RandoopTest1::test146;  - RandoopTest1::test166;  - RandoopTest1::test172;  - RandoopTest1::test174;  - RandoopTest1::test184;  - RandoopTest1::test202;  - RandoopTest1::test203;  - RandoopTest1::test210;  - RandoopTest1::test226;  - RandoopTest1::test245;  - RandoopTest1::test259;  - RandoopTest1::test265;  - RandoopTest1::test278;  - RandoopTest1::test280;  - RandoopTest1::test288;  - RandoopTest1::test294;  - RandoopTest1::test307;  - RandoopTest1::test318;  - RandoopTest1::test319;  - RandoopTest1::test338;  - RandoopTest1::test341;  - RandoopTest1::test346;  - RandoopTest1::test349;  - RandoopTest1::test384;  - RandoopTest1::test394;  - RandoopTest1::test403;  - RandoopTest1::test405;  - RandoopTest1::test410;  - RandoopTest1::test426;  - RandoopTest1::test453;  - RandoopTest1::test464;  - RandoopTest1::test465;  - RandoopTest1::test474;  - RandoopTest1::test475;  - RandoopTest1::test478;  - RandoopTest1::test482;  - RandoopTest1::test41;  - RandoopTest1::test58;  - RandoopTest1::test72;  - RandoopTest1::test76;  - RandoopTest1::test77;  - RandoopTest1::test78;  - RandoopTest1::test79;  - RandoopTest1::test94;  - RandoopTest2::test100;  - RandoopTest2::test101;  - RandoopTest2::test106;  - RandoopTest2::test118;  - RandoopTest2::test129;  - RandoopTest2::test132;  - RandoopTest2::test154;  - RandoopTest2::test155;  - RandoopTest2::test161;  - RandoopTest2::test167;  - RandoopTest2::test170;  - RandoopTest2::test173;  - RandoopTest2::test177;  - RandoopTest2::test185;  - RandoopTest2::test196;  - RandoopTest2::test198;  - RandoopTest2::test213;  - RandoopTest2::test223;  - RandoopTest2::test225;  - RandoopTest2::test228;  - RandoopTest2::test233;  - RandoopTest2::test236;  - RandoopTest2::test244;  - RandoopTest2::test254;  - RandoopTest2::test279;  - RandoopTest2::test281;  - RandoopTest2::test282;  - RandoopTest2::test289;  - RandoopTest2::test290;  - RandoopTest2::test293;  - RandoopTest2::test305;  - RandoopTest2::test306;  - RandoopTest2::test316;  - RandoopTest2::test317;  - RandoopTest2::test324;  - RandoopTest2::test325;  - RandoopTest2::test340;  - RandoopTest2::test342;  - RandoopTest2::test350;  - RandoopTest2::test354;  - RandoopTest2::test362;  - RandoopTest2::test379;  - RandoopTest2::test384;  - RandoopTest2::test405;  - RandoopTest2::test407;  - RandoopTest2::test418;  - RandoopTest2::test420;  - RandoopTest2::test422;  - RandoopTest2::test429;  - RandoopTest2::test436;  - RandoopTest2::test439;  - RandoopTest2::test442;  - RandoopTest2::test445;  - RandoopTest2::test451;  - RandoopTest2::test454;  - RandoopTest2::test484;  - RandoopTest2::test498;  - RandoopTest2::test21;  - RandoopTest2::test23;  - RandoopTest2::test27;  - RandoopTest2::test37;  - RandoopTest2::test49;  - RandoopTest2::test53;  - RandoopTest2::test62;  - RandoopTest2::test65;  - RandoopTest2::test72;  - RandoopTest2::test80;  - RandoopTest2::test84;  - RandoopTest2::test4;  - RandoopTest2::test8;  - RandoopTest3::test106;  - RandoopTest3::test107;  - RandoopTest3::test111;  - RandoopTest3::test113;  - RandoopTest3::test126;  - RandoopTest3::test132;  - RandoopTest3::test133;  - RandoopTest3::test138;  - RandoopTest3::test144;  - RandoopTest3::test145;  - RandoopTest3::test160;  - RandoopTest3::test170;  - RandoopTest3::test174;  - RandoopTest3::test175;  - RandoopTest3::test191;  - RandoopTest3::test193;  - RandoopTest3::test205;  - RandoopTest3::test210;  - RandoopTest3::test215;  - RandoopTest3::test219;  - RandoopTest3::test220;  - RandoopTest3::test229;  - RandoopTest3::test238;  - RandoopTest3::test244;  - RandoopTest3::test248;  - RandoopTest3::test252;  - RandoopTest3::test257;  - RandoopTest3::test271;  - RandoopTest3::test275;  - RandoopTest3::test276;  - RandoopTest3::test277;  - RandoopTest3::test281;  - RandoopTest3::test282;  - RandoopTest3::test291;  - RandoopTest3::test293;  - RandoopTest3::test296;  - RandoopTest3::test302;  - RandoopTest3::test303;  - RandoopTest3::test310;  - RandoopTest3::test318;  - RandoopTest3::test326;  - RandoopTest3::test331;  - RandoopTest3::test332;  - RandoopTest3::test337;  - RandoopTest3::test352;  - RandoopTest3::test357;  - RandoopTest3::test362;  - RandoopTest3::test367;  - RandoopTest3::test369;  - RandoopTest3::test370;  - RandoopTest3::test376;  - RandoopTest3::test395;  - RandoopTest3::test405;  - RandoopTest3::test424;  - RandoopTest3::test426;  - RandoopTest3::test431;  - RandoopTest3::test436;  - RandoopTest3::test452;  - RandoopTest3::test458;  - RandoopTest3::test466;  - RandoopTest3::test469;  - RandoopTest3::test470;  - RandoopTest3::test472;  - RandoopTest3::test473;  - RandoopTest3::test476;  - RandoopTest3::test477;  - RandoopTest3::test479;  - RandoopTest3::test489;  - RandoopTest3::test494;  - RandoopTest3::test19;  - RandoopTest3::test22;  - RandoopTest3::test26;  - RandoopTest3::test28;  - RandoopTest3::test32;  - RandoopTest3::test38;  - RandoopTest3::test45;  - RandoopTest3::test55;  - RandoopTest3::test60;  - RandoopTest3::test66;  - RandoopTest3::test75;  - RandoopTest3::test78;  - RandoopTest3::test79;  - RandoopTest3::test87;  - RandoopTest3::test93;  - RandoopTest3::test98;  - RandoopTest4::test100;  - RandoopTest4::test108;  - RandoopTest4::test109;  - RandoopTest4::test112;  - RandoopTest4::test126;  - RandoopTest4::test130;  - RandoopTest4::test131;  - RandoopTest4::test142;  - RandoopTest4::test152;  - RandoopTest4::test154;  - RandoopTest4::test160;  - RandoopTest4::test163;  - RandoopTest4::test170;  - RandoopTest4::test175;  - RandoopTest4::test176;  - RandoopTest4::test179;  - RandoopTest4::test181;  - RandoopTest4::test185;  - RandoopTest4::test187;  - RandoopTest4::test196;  - RandoopTest4::test204;  - RandoopTest4::test216;  - RandoopTest4::test228;  - RandoopTest4::test246;  - RandoopTest4::test248;  - RandoopTest4::test254;  - RandoopTest4::test257;  - RandoopTest4::test258;  - RandoopTest4::test268;  - RandoopTest4::test269;  - RandoopTest4::test272;  - RandoopTest4::test275;  - RandoopTest4::test279;  - RandoopTest4::test293;  - RandoopTest4::test307;  - RandoopTest4::test308;  - RandoopTest4::test311;  - RandoopTest4::test315;  - RandoopTest4::test323;  - RandoopTest4::test337;  - RandoopTest4::test348;  - RandoopTest4::test352;  - RandoopTest4::test361;  - RandoopTest4::test363;  - RandoopTest4::test365;  - RandoopTest4::test369;  - RandoopTest4::test371;  - RandoopTest4::test382;  - RandoopTest4::test410;  - RandoopTest4::test415;  - RandoopTest4::test419;  - RandoopTest4::test422;  - RandoopTest4::test425;  - RandoopTest4::test427;  - RandoopTest4::test433;  - RandoopTest4::test436;  - RandoopTest4::test438;  - RandoopTest4::test442;  - RandoopTest4::test450;  - RandoopTest4::test451;  - RandoopTest4::test453;  - RandoopTest4::test469;  - RandoopTest4::test473;  - RandoopTest4::test477;  - RandoopTest4::test478;  - RandoopTest4::test480;  - RandoopTest4::test483;  - RandoopTest4::test491;  - RandoopTest4::test493;  - RandoopTest4::test494;  - RandoopTest4::test496;  - RandoopTest4::test15;  - RandoopTest4::test17;  - RandoopTest4::test20;  - RandoopTest4::test28;  - RandoopTest4::test30;  - RandoopTest4::test44;  - RandoopTest4::test45;  - RandoopTest4::test48;  - RandoopTest4::test55;  - RandoopTest4::test56;  - RandoopTest4::test64;  - RandoopTest4::test71;  - RandoopTest4::test73;  - RandoopTest4::test81;  - RandoopTest4::test83;  - RandoopTest4::test84;  - RandoopTest4::test86;  - RandoopTest4::test90;  - RandoopTest4::test97;  - RandoopTest4::test99;  - RandoopTest5::test104;  - RandoopTest5::test105;  - RandoopTest5::test111;  - RandoopTest5::test115;  - RandoopTest5::test116;  - RandoopTest5::test118;  - RandoopTest5::test130;  - RandoopTest5::test138;  - RandoopTest5::test143;  - RandoopTest5::test154;  - RandoopTest5::test156;  - RandoopTest5::test157;  - RandoopTest5::test160;  - RandoopTest5::test161;  - RandoopTest5::test165;  - RandoopTest5::test167;  - RandoopTest5::test168;  - RandoopTest5::test173;  - RandoopTest5::test174;  - RandoopTest5::test178;  - RandoopTest5::test179;  - RandoopTest5::test181;  - RandoopTest5::test184;  - RandoopTest5::test190;  - RandoopTest5::test199;  - RandoopTest5::test201;  - RandoopTest5::test202;  - RandoopTest5::test228;  - RandoopTest5::test255;  - RandoopTest5::test258;  - RandoopTest5::test261;  - RandoopTest5::test263;  - RandoopTest5::test264;  - RandoopTest5::test267;  - RandoopTest5::test269;  - RandoopTest5::test272;  - RandoopTest5::test279;  - RandoopTest5::test287;  - RandoopTest5::test289;  - RandoopTest5::test291;  - RandoopTest5::test296;  - RandoopTest5::test302;  - RandoopTest5::test310;  - RandoopTest5::test325;  - RandoopTest5::test328;  - RandoopTest5::test333;  - RandoopTest5::test336;  - RandoopTest5::test351;  - RandoopTest5::test360;  - RandoopTest5::test364;  - RandoopTest5::test372;  - RandoopTest5::test373;  - RandoopTest5::test375;  - RandoopTest5::test377;  - RandoopTest5::test393;  - RandoopTest5::test395;  - RandoopTest5::test400;  - RandoopTest5::test405;  - RandoopTest5::test408;  - RandoopTest5::test412;  - RandoopTest5::test414;  - RandoopTest5::test416;  - RandoopTest5::test425;  - RandoopTest5::test426;  - RandoopTest5::test432;  - RandoopTest5::test437;  - RandoopTest5::test438;  - RandoopTest5::test441;  - RandoopTest5::test447;  - RandoopTest5::test450;  - RandoopTest5::test455;  - RandoopTest5::test462;  - RandoopTest5::test482;  - RandoopTest5::test483;  - RandoopTest5::test487;  - RandoopTest5::test490;  - RandoopTest5::test494;  - RandoopTest5::test498;  - RandoopTest5::test11;  - RandoopTest5::test16;  - RandoopTest5::test18;  - RandoopTest5::test23;  - RandoopTest5::test36;  - RandoopTest5::test41;  - RandoopTest5::test43;  - RandoopTest5::test44;  - RandoopTest5::test46;  - RandoopTest5::test53;  - RandoopTest5::test60;  - RandoopTest5::test82;  - RandoopTest5::test83;  - RandoopTest5::test88;  - RandoopTest5::test91;  - RandoopTest5::test2;  - RandoopTest5::test7;  - RandoopTest6::test100;  - RandoopTest6::test104;  - RandoopTest6::test108;  - RandoopTest6::test112;  - RandoopTest6::test113;  - RandoopTest6::test118;  - RandoopTest6::test128;  - RandoopTest6::test134;  - RandoopTest6::test146;  - RandoopTest6::test147;  - RandoopTest6::test150;  - RandoopTest6::test151;  - RandoopTest6::test158;  - RandoopTest6::test159;  - RandoopTest6::test173;  - RandoopTest6::test179;  - RandoopTest6::test185;  - RandoopTest6::test187;  - RandoopTest6::test190;  - RandoopTest6::test193;  - RandoopTest6::test203;  - RandoopTest6::test204;  - RandoopTest6::test220;  - RandoopTest6::test231;  - RandoopTest6::test233;  - RandoopTest6::test240;  - RandoopTest6::test247;  - RandoopTest6::test258;  - RandoopTest6::test266;  - RandoopTest6::test273;  - RandoopTest6::test278;  - RandoopTest6::test280;  - RandoopTest6::test281;  - RandoopTest6::test282;  - RandoopTest6::test291;  - RandoopTest6::test300;  - RandoopTest6::test302;  - RandoopTest6::test306;  - RandoopTest6::test313;  - RandoopTest6::test316;  - RandoopTest6::test321;  - RandoopTest6::test330;  - RandoopTest6::test335;  - RandoopTest6::test339;  - RandoopTest6::test340;  - RandoopTest6::test343;  - RandoopTest6::test344;  - RandoopTest6::test347;  - RandoopTest6::test348;  - RandoopTest6::test360;  - RandoopTest6::test363;  - RandoopTest6::test364;  - RandoopTest6::test371;  - RandoopTest6::test375;  - RandoopTest6::test379;  - RandoopTest6::test389;  - RandoopTest6::test395;  - RandoopTest6::test402;  - RandoopTest6::test403;  - RandoopTest6::test404;  - RandoopTest6::test407;  - RandoopTest6::test410;  - RandoopTest6::test412;  - RandoopTest6::test424;  - RandoopTest6::test425;  - RandoopTest6::test427;  - RandoopTest6::test429;  - RandoopTest6::test430;  - RandoopTest6::test436;  - RandoopTest6::test437;  - RandoopTest6::test444;  - RandoopTest6::test446;  - RandoopTest6::test472;  - RandoopTest6::test485;  - RandoopTest6::test490;  - RandoopTest6::test497;  - RandoopTest6::test10;  - RandoopTest6::test28;  - RandoopTest6::test38;  - RandoopTest6::test60;  - RandoopTest6::test63;  - RandoopTest6::test66;  - RandoopTest6::test68;  - RandoopTest6::test72;  - RandoopTest6::test73;  - RandoopTest6::test76;  - RandoopTest6::test81;  - RandoopTest6::test96;  - RandoopTest6::test97;  - RandoopTest6::test99;  - RandoopTest6::test1;  - RandoopTest6::test4;  - RandoopTest6::test6;  - RandoopTest7::test13;  - RandoopTest7::test17;  - RandoopTest7::test1;  - RandoopTest7::test6;  - RandoopTest7::test7;  - RandoopTest7::test9
patch1-Chart-15-JGenProg2015-plausible.patch,plausible,buggy,Chart,15,ASE15-randoop,3,17,;  - RandoopTest0::test457;  - RandoopTest2::test244;  - RandoopTest2::test253;  - RandoopTest2::test435;  - RandoopTest3::test150;  - RandoopTest3::test219;  - RandoopTest3::test389;  - RandoopTest3::test44;  - RandoopTest3::test84;  - RandoopTest4::test10;  - RandoopTest5::test320;  - RandoopTest5::test384;  - RandoopTest5::test386;  - RandoopTest6::test104;  - RandoopTest6::test97;  - RandoopTest7::test354;  - RandoopTest8::test234
patch1-Chart-15-JGenProg2015-plausible.patch,plausible,buggy,Chart,15,ASE15-randoop,4,No-Tests,
patch1-Chart-15-JGenProg2015-plausible.patch,plausible,buggy,Chart,15,ASE15-randoop,5,208,;  - RandoopTest0::test115;  - RandoopTest0::test174;  - RandoopTest0::test227;  - RandoopTest0::test352;  - RandoopTest0::test406;  - RandoopTest0::test467;  - RandoopTest0::test470;  - RandoopTest1::test124;  - RandoopTest1::test175;  - RandoopTest1::test193;  - RandoopTest1::test207;  - RandoopTest1::test237;  - RandoopTest1::test253;  - RandoopTest1::test313;  - RandoopTest1::test358;  - RandoopTest1::test374;  - RandoopTest1::test434;  - RandoopTest1::test461;  - RandoopTest1::test476;  - RandoopTest1::test483;  - RandoopTest1::test498;  - RandoopTest1::test19;  - RandoopTest1::test57;  - RandoopTest2::test111;  - RandoopTest2::test114;  - RandoopTest2::test128;  - RandoopTest2::test148;  - RandoopTest2::test156;  - RandoopTest2::test181;  - RandoopTest2::test194;  - RandoopTest2::test206;  - RandoopTest2::test210;  - RandoopTest2::test212;  - RandoopTest2::test214;  - RandoopTest2::test271;  - RandoopTest2::test287;  - RandoopTest2::test291;  - RandoopTest2::test330;  - RandoopTest2::test387;  - RandoopTest2::test393;  - RandoopTest2::test396;  - RandoopTest2::test474;  - RandoopTest2::test493;  - RandoopTest2::test48;  - RandoopTest2::test79;  - RandoopTest2::test91;  - RandoopTest2::test7;  - RandoopTest3::test123;  - RandoopTest3::test189;  - RandoopTest3::test196;  - RandoopTest3::test246;  - RandoopTest3::test257;  - RandoopTest3::test258;  - RandoopTest3::test274;  - RandoopTest3::test303;  - RandoopTest3::test315;  - RandoopTest3::test350;  - RandoopTest3::test373;  - RandoopTest3::test391;  - RandoopTest3::test427;  - RandoopTest3::test434;  - RandoopTest3::test437;  - RandoopTest3::test457;  - RandoopTest3::test476;  - RandoopTest3::test485;  - RandoopTest3::test22;  - RandoopTest3::test49;  - RandoopTest3::test67;  - RandoopTest3::test70;  - RandoopTest3::test89;  - RandoopTest4::test111;  - RandoopTest4::test122;  - RandoopTest4::test131;  - RandoopTest4::test147;  - RandoopTest4::test165;  - RandoopTest4::test180;  - RandoopTest4::test186;  - RandoopTest4::test188;  - RandoopTest4::test202;  - RandoopTest4::test306;  - RandoopTest4::test325;  - RandoopTest4::test331;  - RandoopTest4::test354;  - RandoopTest4::test378;  - RandoopTest4::test389;  - RandoopTest4::test390;  - RandoopTest4::test395;  - RandoopTest4::test435;  - RandoopTest4::test449;  - RandoopTest4::test453;  - RandoopTest4::test13;  - RandoopTest4::test47;  - RandoopTest4::test93;  - RandoopTest4::test9;  - RandoopTest5::test100;  - RandoopTest5::test189;  - RandoopTest5::test228;  - RandoopTest5::test245;  - RandoopTest5::test270;  - RandoopTest5::test283;  - RandoopTest5::test294;  - RandoopTest5::test307;  - RandoopTest5::test325;  - RandoopTest5::test329;  - RandoopTest5::test335;  - RandoopTest5::test340;  - RandoopTest5::test361;  - RandoopTest5::test364;  - RandoopTest5::test368;  - RandoopTest5::test419;  - RandoopTest5::test439;  - RandoopTest5::test440;  - RandoopTest5::test452;  - RandoopTest5::test487;  - RandoopTest5::test497;  - RandoopTest5::test13;  - RandoopTest5::test20;  - RandoopTest5::test33;  - RandoopTest5::test75;  - RandoopTest5::test76;  - RandoopTest5::test95;  - RandoopTest5::test3;  - RandoopTest5::test9;  - RandoopTest6::test101;  - RandoopTest6::test110;  - RandoopTest6::test111;  - RandoopTest6::test118;  - RandoopTest6::test121;  - RandoopTest6::test135;  - RandoopTest6::test143;  - RandoopTest6::test170;  - RandoopTest6::test171;  - RandoopTest6::test182;  - RandoopTest6::test185;  - RandoopTest6::test228;  - RandoopTest6::test235;  - RandoopTest6::test241;  - RandoopTest6::test248;  - RandoopTest6::test261;  - RandoopTest6::test265;  - RandoopTest6::test270;  - RandoopTest6::test272;  - RandoopTest6::test294;  - RandoopTest6::test311;  - RandoopTest6::test312;  - RandoopTest6::test317;  - RandoopTest6::test328;  - RandoopTest6::test333;  - RandoopTest6::test349;  - RandoopTest6::test365;  - RandoopTest6::test379;  - RandoopTest6::test397;  - RandoopTest6::test454;  - RandoopTest6::test473;  - RandoopTest6::test52;  - RandoopTest6::test92;  - RandoopTest6::test93;  - RandoopTest7::test102;  - RandoopTest7::test134;  - RandoopTest7::test135;  - RandoopTest7::test194;  - RandoopTest7::test212;  - RandoopTest7::test216;  - RandoopTest7::test224;  - RandoopTest7::test225;  - RandoopTest7::test228;  - RandoopTest7::test259;  - RandoopTest7::test274;  - RandoopTest7::test275;  - RandoopTest7::test278;  - RandoopTest7::test292;  - RandoopTest7::test304;  - RandoopTest7::test307;  - RandoopTest7::test340;  - RandoopTest7::test354;  - RandoopTest7::test358;  - RandoopTest7::test362;  - RandoopTest7::test398;  - RandoopTest7::test399;  - RandoopTest7::test400;  - RandoopTest7::test406;  - RandoopTest7::test422;  - RandoopTest7::test430;  - RandoopTest7::test438;  - RandoopTest7::test450;  - RandoopTest7::test466;  - RandoopTest7::test11;  - RandoopTest7::test23;  - RandoopTest7::test52;  - RandoopTest7::test57;  - RandoopTest7::test63;  - RandoopTest7::test81;  - RandoopTest7::test4;  - RandoopTest8::test116;  - RandoopTest8::test120;  - RandoopTest8::test200;  - RandoopTest8::test204;  - RandoopTest8::test211;  - RandoopTest8::test214;  - RandoopTest8::test219;  - RandoopTest8::test240;  - RandoopTest8::test246;  - RandoopTest8::test248;  - RandoopTest8::test250;  - RandoopTest8::test262;  - RandoopTest8::test25;  - RandoopTest8::test32;  - RandoopTest8::test62
patch1-Chart-15-JGenProg2015-plausible.patch,plausible,buggy,Chart,15,ASE15-randoop,6,34,;  - RandoopTest0::test334;  - RandoopTest1::test136;  - RandoopTest1::test150;  - RandoopTest1::test328;  - RandoopTest1::test417;  - RandoopTest1::test485;  - RandoopTest1::test74;  - RandoopTest2::test205;  - RandoopTest2::test328;  - RandoopTest2::test343;  - RandoopTest2::test418;  - RandoopTest2::test471;  - RandoopTest2::test14;  - RandoopTest2::test33;  - RandoopTest2::test2;  - RandoopTest3::test384;  - RandoopTest3::test40;  - RandoopTest4::test125;  - RandoopTest4::test170;  - RandoopTest4::test180;  - RandoopTest4::test392;  - RandoopTest4::test422;  - RandoopTest4::test46;  - RandoopTest5::test150;  - RandoopTest5::test293;  - RandoopTest5::test448;  - RandoopTest5::test496;  - RandoopTest5::test19;  - RandoopTest6::test287;  - RandoopTest6::test460;  - RandoopTest6::test56;  - RandoopTest6::test85;  - RandoopTest8::test19;  - RandoopTest8::test34
patch1-Chart-15-JGenProg2015-plausible.patch,plausible,buggy,Chart,15,ASE15-randoop,7,77,;  - RandoopTest1::test263;  - RandoopTest1::test437;  - RandoopTest1::test439;  - RandoopTest1::test475;  - RandoopTest1::test494;  - RandoopTest1::test1;  - RandoopTest2::test161;  - RandoopTest2::test230;  - RandoopTest2::test293;  - RandoopTest2::test422;  - RandoopTest2::test425;  - RandoopTest2::test451;  - RandoopTest2::test461;  - RandoopTest2::test485;  - RandoopTest2::test37;  - RandoopTest3::test218;  - RandoopTest3::test222;  - RandoopTest3::test241;  - RandoopTest3::test272;  - RandoopTest3::test440;  - RandoopTest3::test469;  - RandoopTest3::test480;  - RandoopTest3::test90;  - RandoopTest3::test95;  - RandoopTest4::test116;  - RandoopTest4::test117;  - RandoopTest4::test140;  - RandoopTest4::test300;  - RandoopTest4::test325;  - RandoopTest4::test328;  - RandoopTest4::test427;  - RandoopTest4::test463;  - RandoopTest4::test56;  - RandoopTest5::test102;  - RandoopTest5::test118;  - RandoopTest5::test238;  - RandoopTest5::test245;  - RandoopTest5::test277;  - RandoopTest5::test346;  - RandoopTest5::test365;  - RandoopTest5::test462;  - RandoopTest5::test17;  - RandoopTest5::test82;  - RandoopTest6::test110;  - RandoopTest6::test153;  - RandoopTest6::test218;  - RandoopTest6::test251;  - RandoopTest6::test260;  - RandoopTest6::test304;  - RandoopTest6::test391;  - RandoopTest6::test395;  - RandoopTest6::test442;  - RandoopTest6::test443;  - RandoopTest6::test471;  - RandoopTest6::test474;  - RandoopTest6::test491;  - RandoopTest6::test77;  - RandoopTest7::test107;  - RandoopTest7::test164;  - RandoopTest7::test234;  - RandoopTest7::test243;  - RandoopTest7::test415;  - RandoopTest7::test479;  - RandoopTest7::test31;  - RandoopTest7::test55;  - RandoopTest7::test63;  - RandoopTest7::test73;  - RandoopTest7::test96;  - RandoopTest8::test137;  - RandoopTest8::test144;  - RandoopTest8::test172;  - RandoopTest8::test187;  - RandoopTest8::test251;  - RandoopTest8::test289;  - RandoopTest8::test293;  - RandoopTest8::test313;  - RandoopTest8::test18
patch1-Chart-15-JGenProg2015-plausible.patch,plausible,buggy,Chart,15,ASE15-randoop,8,121,;  - RandoopTest0::test277;  - RandoopTest1::test204;  - RandoopTest1::test236;  - RandoopTest1::test255;  - RandoopTest1::test320;  - RandoopTest1::test383;  - RandoopTest1::test397;  - RandoopTest1::test435;  - RandoopTest1::test450;  - RandoopTest1::test463;  - RandoopTest1::test16;  - RandoopTest1::test70;  - RandoopTest1::test92;  - RandoopTest2::test186;  - RandoopTest2::test200;  - RandoopTest2::test202;  - RandoopTest2::test258;  - RandoopTest2::test277;  - RandoopTest2::test287;  - RandoopTest2::test323;  - RandoopTest2::test328;  - RandoopTest2::test371;  - RandoopTest2::test387;  - RandoopTest2::test440;  - RandoopTest2::test477;  - RandoopTest3::test103;  - RandoopTest3::test107;  - RandoopTest3::test128;  - RandoopTest3::test161;  - RandoopTest3::test197;  - RandoopTest3::test229;  - RandoopTest3::test244;  - RandoopTest3::test333;  - RandoopTest3::test354;  - RandoopTest3::test359;  - RandoopTest3::test364;  - RandoopTest3::test390;  - RandoopTest3::test409;  - RandoopTest3::test422;  - RandoopTest3::test441;  - RandoopTest3::test450;  - RandoopTest3::test63;  - RandoopTest3::test90;  - RandoopTest4::test121;  - RandoopTest4::test128;  - RandoopTest4::test138;  - RandoopTest4::test171;  - RandoopTest4::test185;  - RandoopTest4::test189;  - RandoopTest4::test203;  - RandoopTest4::test262;  - RandoopTest4::test301;  - RandoopTest4::test313;  - RandoopTest4::test333;  - RandoopTest4::test341;  - RandoopTest4::test368;  - RandoopTest4::test382;  - RandoopTest4::test383;  - RandoopTest4::test386;  - RandoopTest4::test391;  - RandoopTest4::test392;  - RandoopTest4::test417;  - RandoopTest4::test419;  - RandoopTest4::test469;  - RandoopTest4::test57;  - RandoopTest4::test74;  - RandoopTest4::test94;  - RandoopTest4::test2;  - RandoopTest5::test122;  - RandoopTest5::test161;  - RandoopTest5::test170;  - RandoopTest5::test187;  - RandoopTest5::test211;  - RandoopTest5::test217;  - RandoopTest5::test222;  - RandoopTest5::test248;  - RandoopTest5::test266;  - RandoopTest5::test276;  - RandoopTest5::test313;  - RandoopTest5::test339;  - RandoopTest5::test345;  - RandoopTest5::test360;  - RandoopTest5::test370;  - RandoopTest5::test371;  - RandoopTest5::test392;  - RandoopTest5::test436;  - RandoopTest5::test463;  - RandoopTest5::test493;  - RandoopTest5::test48;  - RandoopTest5::test74;  - RandoopTest6::test106;  - RandoopTest6::test142;  - RandoopTest6::test147;  - RandoopTest6::test173;  - RandoopTest6::test184;  - RandoopTest6::test207;  - RandoopTest6::test226;  - RandoopTest6::test322;  - RandoopTest6::test343;  - RandoopTest6::test381;  - RandoopTest6::test383;  - RandoopTest6::test421;  - RandoopTest6::test452;  - RandoopTest6::test456;  - RandoopTest6::test493;  - RandoopTest6::test33;  - RandoopTest6::test56;  - RandoopTest6::test90;  - RandoopTest7::test109;  - RandoopTest7::test127;  - RandoopTest7::test128;  - RandoopTest7::test131;  - RandoopTest7::test143;  - RandoopTest7::test164;  - RandoopTest7::test199;  - RandoopTest7::test266;  - RandoopTest7::test278;  - RandoopTest7::test358;  - RandoopTest7::test66;  - RandoopTest7::test67;  - RandoopTest7::test96
patch1-Chart-15-JGenProg2015-plausible.patch,plausible,buggy,Chart,15,ASE15-randoop,9,89,;  - RandoopTest0::test333;  - RandoopTest1::test110;  - RandoopTest1::test172;  - RandoopTest1::test213;  - RandoopTest1::test229;  - RandoopTest1::test343;  - RandoopTest1::test394;  - RandoopTest1::test478;  - RandoopTest2::test148;  - RandoopTest2::test158;  - RandoopTest2::test169;  - RandoopTest2::test246;  - RandoopTest2::test365;  - RandoopTest2::test416;  - RandoopTest2::test420;  - RandoopTest2::test424;  - RandoopTest2::test19;  - RandoopTest2::test56;  - RandoopTest2::test68;  - RandoopTest2::test98;  - RandoopTest3::test349;  - RandoopTest3::test367;  - RandoopTest3::test369;  - RandoopTest3::test431;  - RandoopTest3::test438;  - RandoopTest3::test449;  - RandoopTest3::test499;  - RandoopTest3::test30;  - RandoopTest4::test218;  - RandoopTest4::test221;  - RandoopTest4::test222;  - RandoopTest4::test285;  - RandoopTest4::test312;  - RandoopTest4::test322;  - RandoopTest4::test325;  - RandoopTest4::test350;  - RandoopTest4::test367;  - RandoopTest4::test462;  - RandoopTest4::test486;  - RandoopTest4::test23;  - RandoopTest5::test127;  - RandoopTest5::test163;  - RandoopTest5::test196;  - RandoopTest5::test242;  - RandoopTest5::test250;  - RandoopTest5::test368;  - RandoopTest5::test394;  - RandoopTest5::test435;  - RandoopTest5::test488;  - RandoopTest5::test47;  - RandoopTest5::test91;  - RandoopTest6::test125;  - RandoopTest6::test143;  - RandoopTest6::test369;  - RandoopTest6::test409;  - RandoopTest6::test457;  - RandoopTest6::test465;  - RandoopTest6::test73;  - RandoopTest6::test93;  - RandoopTest6::test94;  - RandoopTest6::test5;  - RandoopTest7::test144;  - RandoopTest7::test175;  - RandoopTest7::test192;  - RandoopTest7::test195;  - RandoopTest7::test230;  - RandoopTest7::test245;  - RandoopTest7::test258;  - RandoopTest7::test298;  - RandoopTest7::test313;  - RandoopTest7::test388;  - RandoopTest7::test417;  - RandoopTest7::test47;  - RandoopTest7::test61;  - RandoopTest7::test81;  - RandoopTest7::test89;  - RandoopTest7::test92;  - RandoopTest8::test138;  - RandoopTest8::test159;  - RandoopTest8::test275;  - RandoopTest8::test390;  - RandoopTest8::test391;  - RandoopTest8::test440;  - RandoopTest8::test451;  - RandoopTest8::test472;  - RandoopTest8::test14;  - RandoopTest8::test22;  - RandoopTest8::test47;  - RandoopTest8::test54
patch1-Chart-15-JGenProg2015-plausible.patch,plausible,buggy,Chart,15,ASE15-randoop,10,9,;  - RandoopTest1::test463;  - RandoopTest2::test71;  - RandoopTest3::test469;  - RandoopTest4::test423;  - RandoopTest4::test499;  - RandoopTest5::test135;  - RandoopTest5::test409;  - RandoopTest5::test486;  - RandoopTest6::test314
patch1-Chart-15-JGenProg2015-plausible.patch,plausible,fixed,Chart,15,EMSE18-evosuite,0,0,
patch1-Chart-15-JGenProg2015-plausible.patch,plausible,fixed,Chart,15,EMSE18-evosuite,1,0,
patch1-Chart-15-JGenProg2015-plausible.patch,plausible,fixed,Chart,15,EMSE18-evosuite,2,0,
patch1-Chart-15-JGenProg2015-plausible.patch,plausible,fixed,Chart,15,EMSE18-evosuite,3,0,
patch1-Chart-15-JGenProg2015-plausible.patch,plausible,fixed,Chart,15,EMSE18-evosuite,4,0,
patch1-Chart-15-JGenProg2015-plausible.patch,plausible,fixed,Chart,15,EMSE18-evosuite,5,0,
patch1-Chart-15-JGenProg2015-plausible.patch,plausible,fixed,Chart,15,EMSE18-evosuite,6,0,
patch1-Chart-15-JGenProg2015-plausible.patch,plausible,fixed,Chart,15,EMSE18-evosuite,7,0,
patch1-Chart-15-JGenProg2015-plausible.patch,plausible,fixed,Chart,15,EMSE18-evosuite,8,0,
patch1-Chart-15-JGenProg2015-plausible.patch,plausible,fixed,Chart,15,EMSE18-evosuite,9,0,
patch1-Chart-15-JGenProg2015-plausible.patch,plausible,fixed,Chart,15,EMSE18-evosuite,10,0,
patch1-Chart-15-JGenProg2015-plausible.patch,plausible,fixed,Chart,15,EMSE18-evosuite,11,0,
patch1-Chart-15-JGenProg2015-plausible.patch,plausible,fixed,Chart,15,EMSE18-evosuite,12,0,
patch1-Chart-15-JGenProg2015-plausible.patch,plausible,fixed,Chart,15,EMSE18-evosuite,13,0,
patch1-Chart-15-JGenProg2015-plausible.patch,plausible,fixed,Chart,15,EMSE18-evosuite,14,0,
patch1-Chart-15-JGenProg2015-plausible.patch,plausible,fixed,Chart,15,EMSE18-evosuite,15,0,
patch1-Chart-15-JGenProg2015-plausible.patch,plausible,fixed,Chart,15,EMSE18-evosuite,16,0,
patch1-Chart-15-JGenProg2015-plausible.patch,plausible,fixed,Chart,15,EMSE18-evosuite,17,0,
patch1-Chart-15-JGenProg2015-plausible.patch,plausible,fixed,Chart,15,EMSE18-evosuite,18,0,
patch1-Chart-15-JGenProg2015-plausible.patch,plausible,fixed,Chart,15,EMSE18-evosuite,19,0,
patch1-Chart-15-JGenProg2015-plausible.patch,plausible,fixed,Chart,15,EMSE18-evosuite,20,0,
patch1-Chart-15-JGenProg2015-plausible.patch,plausible,fixed,Chart,15,EMSE18-evosuite,21,0,
patch1-Chart-15-JGenProg2015-plausible.patch,plausible,fixed,Chart,15,EMSE18-evosuite,22,0,
patch1-Chart-15-JGenProg2015-plausible.patch,plausible,fixed,Chart,15,EMSE18-evosuite,23,0,
patch1-Chart-15-JGenProg2015-plausible.patch,plausible,fixed,Chart,15,EMSE18-evosuite,24,0,
patch1-Chart-15-JGenProg2015-plausible.patch,plausible,fixed,Chart,15,EMSE18-evosuite,25,0,
patch1-Chart-15-JGenProg2015-plausible.patch,plausible,fixed,Chart,15,EMSE18-evosuite,26,0,
patch1-Chart-15-JGenProg2015-plausible.patch,plausible,fixed,Chart,15,EMSE18-evosuite,27,0,
patch1-Chart-15-JGenProg2015-plausible.patch,plausible,fixed,Chart,15,EMSE18-evosuite,28,0,
patch1-Chart-15-JGenProg2015-plausible.patch,plausible,fixed,Chart,15,EMSE18-evosuite,29,0,
patch1-Chart-15-JGenProg2015-plausible.patch,plausible,buggy,Chart,15,EMSE18-evosuite,0,0,
patch1-Chart-15-JGenProg2015-plausible.patch,plausible,buggy,Chart,15,EMSE18-evosuite,1,0,
patch1-Chart-15-JGenProg2015-plausible.patch,plausible,buggy,Chart,15,EMSE18-evosuite,2,0,
patch1-Chart-15-JGenProg2015-plausible.patch,plausible,buggy,Chart,15,EMSE18-evosuite,3,0,
patch1-Chart-15-JGenProg2015-plausible.patch,plausible,buggy,Chart,15,EMSE18-evosuite,4,0,
patch1-Chart-15-JGenProg2015-plausible.patch,plausible,buggy,Chart,15,EMSE18-evosuite,5,0,
patch1-Chart-15-JGenProg2015-plausible.patch,plausible,buggy,Chart,15,EMSE18-evosuite,6,0,
patch1-Chart-15-JGenProg2015-plausible.patch,plausible,buggy,Chart,15,EMSE18-evosuite,7,0,
patch1-Chart-15-JGenProg2015-plausible.patch,plausible,buggy,Chart,15,EMSE18-evosuite,8,0,
patch1-Chart-15-JGenProg2015-plausible.patch,plausible,buggy,Chart,15,EMSE18-evosuite,9,0,
patch1-Chart-15-JGenProg2015-plausible.patch,plausible,buggy,Chart,15,EMSE18-evosuite,10,0,
patch1-Chart-15-JGenProg2015-plausible.patch,plausible,buggy,Chart,15,EMSE18-evosuite,11,0,
patch1-Chart-15-JGenProg2015-plausible.patch,plausible,buggy,Chart,15,EMSE18-evosuite,12,0,
patch1-Chart-15-JGenProg2015-plausible.patch,plausible,buggy,Chart,15,EMSE18-evosuite,13,0,
patch1-Chart-15-JGenProg2015-plausible.patch,plausible,buggy,Chart,15,EMSE18-evosuite,14,0,
patch1-Chart-15-JGenProg2015-plausible.patch,plausible,buggy,Chart,15,EMSE18-evosuite,15,0,
patch1-Chart-15-JGenProg2015-plausible.patch,plausible,buggy,Chart,15,EMSE18-evosuite,16,0,
patch1-Chart-15-JGenProg2015-plausible.patch,plausible,buggy,Chart,15,EMSE18-evosuite,17,0,
patch1-Chart-15-JGenProg2015-plausible.patch,plausible,buggy,Chart,15,EMSE18-evosuite,18,0,
patch1-Chart-15-JGenProg2015-plausible.patch,plausible,buggy,Chart,15,EMSE18-evosuite,19,0,
patch1-Chart-15-JGenProg2015-plausible.patch,plausible,buggy,Chart,15,EMSE18-evosuite,20,0,
patch1-Chart-15-JGenProg2015-plausible.patch,plausible,buggy,Chart,15,EMSE18-evosuite,21,0,
patch1-Chart-15-JGenProg2015-plausible.patch,plausible,buggy,Chart,15,EMSE18-evosuite,22,0,
patch1-Chart-15-JGenProg2015-plausible.patch,plausible,buggy,Chart,15,EMSE18-evosuite,23,0,
patch1-Chart-15-JGenProg2015-plausible.patch,plausible,buggy,Chart,15,EMSE18-evosuite,24,0,
patch1-Chart-15-JGenProg2015-plausible.patch,plausible,buggy,Chart,15,EMSE18-evosuite,25,0,
patch1-Chart-15-JGenProg2015-plausible.patch,plausible,buggy,Chart,15,EMSE18-evosuite,26,0,
patch1-Chart-15-JGenProg2015-plausible.patch,plausible,buggy,Chart,15,EMSE18-evosuite,27,0,
patch1-Chart-15-JGenProg2015-plausible.patch,plausible,buggy,Chart,15,EMSE18-evosuite,28,0,
patch1-Chart-15-JGenProg2015-plausible.patch,plausible,buggy,Chart,15,EMSE18-evosuite,29,0,
patch1-Math-2-JGenProg2015-plausible.patch,plausible,fixed,Math,2,ASE15-evosuite,0,0,
patch1-Math-2-JGenProg2015-plausible.patch,plausible,fixed,Math,2,ASE15-evosuite,1,0,
patch1-Math-2-JGenProg2015-plausible.patch,plausible,fixed,Math,2,ASE15-evosuite,2,0,
patch1-Math-2-JGenProg2015-plausible.patch,plausible,fixed,Math,2,ASE15-evosuite,3,0,
patch1-Math-2-JGenProg2015-plausible.patch,plausible,fixed,Math,2,ASE15-evosuite,4,0,
patch1-Math-2-JGenProg2015-plausible.patch,plausible,fixed,Math,2,ASE15-evosuite,5,0,
patch1-Math-2-JGenProg2015-plausible.patch,plausible,fixed,Math,2,ASE15-evosuite,6,0,
patch1-Math-2-JGenProg2015-plausible.patch,plausible,fixed,Math,2,ASE15-evosuite,7,0,
patch1-Math-2-JGenProg2015-plausible.patch,plausible,fixed,Math,2,ASE15-evosuite,8,0,
patch1-Math-2-JGenProg2015-plausible.patch,plausible,fixed,Math,2,ASE15-evosuite,9,0,
patch1-Math-2-JGenProg2015-plausible.patch,plausible,buggy,Math,2,ASE15-evosuite,0,0,
patch1-Math-2-JGenProg2015-plausible.patch,plausible,buggy,Math,2,ASE15-evosuite,1,0,
patch1-Math-2-JGenProg2015-plausible.patch,plausible,buggy,Math,2,ASE15-evosuite,2,0,
patch1-Math-2-JGenProg2015-plausible.patch,plausible,buggy,Math,2,ASE15-evosuite,3,0,
patch1-Math-2-JGenProg2015-plausible.patch,plausible,buggy,Math,2,ASE15-evosuite,4,0,
patch1-Math-2-JGenProg2015-plausible.patch,plausible,buggy,Math,2,ASE15-evosuite,5,0,
patch1-Math-2-JGenProg2015-plausible.patch,plausible,buggy,Math,2,ASE15-evosuite,6,0,
patch1-Math-2-JGenProg2015-plausible.patch,plausible,buggy,Math,2,ASE15-evosuite,7,0,
patch1-Math-2-JGenProg2015-plausible.patch,plausible,buggy,Math,2,ASE15-evosuite,8,0,
patch1-Math-2-JGenProg2015-plausible.patch,plausible,buggy,Math,2,ASE15-evosuite,9,0,
patch1-Math-2-JGenProg2015-plausible.patch,plausible,fixed,Math,2,ASE15-randoop,1,0,
patch1-Math-2-JGenProg2015-plausible.patch,plausible,fixed,Math,2,ASE15-randoop,2,0,
patch1-Math-2-JGenProg2015-plausible.patch,plausible,fixed,Math,2,ASE15-randoop,3,0,
patch1-Math-2-JGenProg2015-plausible.patch,plausible,fixed,Math,2,ASE15-randoop,4,0,
patch1-Math-2-JGenProg2015-plausible.patch,plausible,fixed,Math,2,ASE15-randoop,5,0,
patch1-Math-2-JGenProg2015-plausible.patch,plausible,fixed,Math,2,ASE15-randoop,6,0,
patch1-Math-2-JGenProg2015-plausible.patch,plausible,fixed,Math,2,ASE15-randoop,7,0,
patch1-Math-2-JGenProg2015-plausible.patch,plausible,fixed,Math,2,ASE15-randoop,8,0,
patch1-Math-2-JGenProg2015-plausible.patch,plausible,fixed,Math,2,ASE15-randoop,9,0,
patch1-Math-2-JGenProg2015-plausible.patch,plausible,fixed,Math,2,ASE15-randoop,10,0,
patch1-Math-2-JGenProg2015-plausible.patch,plausible,buggy,Math,2,ASE15-randoop,1,0,
patch1-Math-2-JGenProg2015-plausible.patch,plausible,buggy,Math,2,ASE15-randoop,2,0,
patch1-Math-2-JGenProg2015-plausible.patch,plausible,buggy,Math,2,ASE15-randoop,3,12,;  - RandoopTest0::test423;  - RandoopTest1::test161;  - RandoopTest1::test213;  - RandoopTest1::test437;  - RandoopTest1::test483;  - RandoopTest1::test86;  - RandoopTest1::test90;  - RandoopTest2::test111;  - RandoopTest2::test156;  - RandoopTest2::test380;  - RandoopTest2::test394;  - RandoopTest2::test65
patch1-Math-2-JGenProg2015-plausible.patch,plausible,buggy,Math,2,ASE15-randoop,4,0,
patch1-Math-2-JGenProg2015-plausible.patch,plausible,buggy,Math,2,ASE15-randoop,5,1,;  - RandoopTest1::test250
patch1-Math-2-JGenProg2015-plausible.patch,plausible,buggy,Math,2,ASE15-randoop,6,0,
patch1-Math-2-JGenProg2015-plausible.patch,plausible,buggy,Math,2,ASE15-randoop,7,0,
patch1-Math-2-JGenProg2015-plausible.patch,plausible,buggy,Math,2,ASE15-randoop,8,1,;  - RandoopTest0::test416
patch1-Math-2-JGenProg2015-plausible.patch,plausible,buggy,Math,2,ASE15-randoop,9,10,;  - RandoopTest0::test388;  - RandoopTest0::test398;  - RandoopTest0::test418;  - RandoopTest1::test207;  - RandoopTest1::test260;  - RandoopTest1::test264;  - RandoopTest1::test347;  - RandoopTest1::test381;  - RandoopTest1::test62;  - RandoopTest1::test90
patch1-Math-2-JGenProg2015-plausible.patch,plausible,buggy,Math,2,ASE15-randoop,10,0,
patch1-Math-2-JGenProg2015-plausible.patch,plausible,fixed,Math,2,EMSE18-evosuite,0,0,
patch1-Math-2-JGenProg2015-plausible.patch,plausible,fixed,Math,2,EMSE18-evosuite,1,0,
patch1-Math-2-JGenProg2015-plausible.patch,plausible,fixed,Math,2,EMSE18-evosuite,2,0,
patch1-Math-2-JGenProg2015-plausible.patch,plausible,fixed,Math,2,EMSE18-evosuite,3,0,
patch1-Math-2-JGenProg2015-plausible.patch,plausible,fixed,Math,2,EMSE18-evosuite,4,0,
patch1-Math-2-JGenProg2015-plausible.patch,plausible,fixed,Math,2,EMSE18-evosuite,5,0,
patch1-Math-2-JGenProg2015-plausible.patch,plausible,fixed,Math,2,EMSE18-evosuite,6,0,
patch1-Math-2-JGenProg2015-plausible.patch,plausible,fixed,Math,2,EMSE18-evosuite,7,0,
patch1-Math-2-JGenProg2015-plausible.patch,plausible,fixed,Math,2,EMSE18-evosuite,8,0,
patch1-Math-2-JGenProg2015-plausible.patch,plausible,fixed,Math,2,EMSE18-evosuite,9,0,
patch1-Math-2-JGenProg2015-plausible.patch,plausible,fixed,Math,2,EMSE18-evosuite,10,0,
patch1-Math-2-JGenProg2015-plausible.patch,plausible,fixed,Math,2,EMSE18-evosuite,11,0,
patch1-Math-2-JGenProg2015-plausible.patch,plausible,fixed,Math,2,EMSE18-evosuite,12,0,
patch1-Math-2-JGenProg2015-plausible.patch,plausible,fixed,Math,2,EMSE18-evosuite,13,0,
patch1-Math-2-JGenProg2015-plausible.patch,plausible,fixed,Math,2,EMSE18-evosuite,14,0,
patch1-Math-2-JGenProg2015-plausible.patch,plausible,fixed,Math,2,EMSE18-evosuite,15,0,
patch1-Math-2-JGenProg2015-plausible.patch,plausible,fixed,Math,2,EMSE18-evosuite,16,0,
patch1-Math-2-JGenProg2015-plausible.patch,plausible,fixed,Math,2,EMSE18-evosuite,17,0,
patch1-Math-2-JGenProg2015-plausible.patch,plausible,fixed,Math,2,EMSE18-evosuite,18,0,
patch1-Math-2-JGenProg2015-plausible.patch,plausible,fixed,Math,2,EMSE18-evosuite,19,0,
patch1-Math-2-JGenProg2015-plausible.patch,plausible,fixed,Math,2,EMSE18-evosuite,20,0,
patch1-Math-2-JGenProg2015-plausible.patch,plausible,fixed,Math,2,EMSE18-evosuite,21,0,
patch1-Math-2-JGenProg2015-plausible.patch,plausible,fixed,Math,2,EMSE18-evosuite,22,0,
patch1-Math-2-JGenProg2015-plausible.patch,plausible,fixed,Math,2,EMSE18-evosuite,23,0,
patch1-Math-2-JGenProg2015-plausible.patch,plausible,fixed,Math,2,EMSE18-evosuite,24,0,
patch1-Math-2-JGenProg2015-plausible.patch,plausible,fixed,Math,2,EMSE18-evosuite,25,0,
patch1-Math-2-JGenProg2015-plausible.patch,plausible,fixed,Math,2,EMSE18-evosuite,26,0,
patch1-Math-2-JGenProg2015-plausible.patch,plausible,fixed,Math,2,EMSE18-evosuite,27,0,
patch1-Math-2-JGenProg2015-plausible.patch,plausible,fixed,Math,2,EMSE18-evosuite,28,0,
patch1-Math-2-JGenProg2015-plausible.patch,plausible,fixed,Math,2,EMSE18-evosuite,29,0,
patch1-Math-2-JGenProg2015-plausible.patch,plausible,buggy,Math,2,EMSE18-evosuite,0,0,
patch1-Math-2-JGenProg2015-plausible.patch,plausible,buggy,Math,2,EMSE18-evosuite,1,0,
patch1-Math-2-JGenProg2015-plausible.patch,plausible,buggy,Math,2,EMSE18-evosuite,2,0,
patch1-Math-2-JGenProg2015-plausible.patch,plausible,buggy,Math,2,EMSE18-evosuite,3,0,
patch1-Math-2-JGenProg2015-plausible.patch,plausible,buggy,Math,2,EMSE18-evosuite,4,0,
patch1-Math-2-JGenProg2015-plausible.patch,plausible,buggy,Math,2,EMSE18-evosuite,5,0,
patch1-Math-2-JGenProg2015-plausible.patch,plausible,buggy,Math,2,EMSE18-evosuite,6,0,
patch1-Math-2-JGenProg2015-plausible.patch,plausible,buggy,Math,2,EMSE18-evosuite,7,0,
patch1-Math-2-JGenProg2015-plausible.patch,plausible,buggy,Math,2,EMSE18-evosuite,8,0,
patch1-Math-2-JGenProg2015-plausible.patch,plausible,buggy,Math,2,EMSE18-evosuite,9,0,
patch1-Math-2-JGenProg2015-plausible.patch,plausible,buggy,Math,2,EMSE18-evosuite,10,0,
patch1-Math-2-JGenProg2015-plausible.patch,plausible,buggy,Math,2,EMSE18-evosuite,11,0,
patch1-Math-2-JGenProg2015-plausible.patch,plausible,buggy,Math,2,EMSE18-evosuite,12,0,
patch1-Math-2-JGenProg2015-plausible.patch,plausible,buggy,Math,2,EMSE18-evosuite,13,0,
patch1-Math-2-JGenProg2015-plausible.patch,plausible,buggy,Math,2,EMSE18-evosuite,14,0,
patch1-Math-2-JGenProg2015-plausible.patch,plausible,buggy,Math,2,EMSE18-evosuite,15,0,
patch1-Math-2-JGenProg2015-plausible.patch,plausible,buggy,Math,2,EMSE18-evosuite,16,0,
patch1-Math-2-JGenProg2015-plausible.patch,plausible,buggy,Math,2,EMSE18-evosuite,17,0,
patch1-Math-2-JGenProg2015-plausible.patch,plausible,buggy,Math,2,EMSE18-evosuite,18,0,
patch1-Math-2-JGenProg2015-plausible.patch,plausible,buggy,Math,2,EMSE18-evosuite,19,0,
patch1-Math-2-JGenProg2015-plausible.patch,plausible,buggy,Math,2,EMSE18-evosuite,20,0,
patch1-Math-2-JGenProg2015-plausible.patch,plausible,buggy,Math,2,EMSE18-evosuite,21,0,
patch1-Math-2-JGenProg2015-plausible.patch,plausible,buggy,Math,2,EMSE18-evosuite,22,0,
patch1-Math-2-JGenProg2015-plausible.patch,plausible,buggy,Math,2,EMSE18-evosuite,23,0,
patch1-Math-2-JGenProg2015-plausible.patch,plausible,buggy,Math,2,EMSE18-evosuite,24,0,
patch1-Math-2-JGenProg2015-plausible.patch,plausible,buggy,Math,2,EMSE18-evosuite,25,0,
patch1-Math-2-JGenProg2015-plausible.patch,plausible,buggy,Math,2,EMSE18-evosuite,26,0,
patch1-Math-2-JGenProg2015-plausible.patch,plausible,buggy,Math,2,EMSE18-evosuite,27,0,
patch1-Math-2-JGenProg2015-plausible.patch,plausible,buggy,Math,2,EMSE18-evosuite,28,0,
patch1-Math-2-JGenProg2015-plausible.patch,plausible,buggy,Math,2,EMSE18-evosuite,29,0,
patch1-Math-49-JGenProg2015-plausible.patch,plausible,fixed,Math,49,ASE15-evosuite,0,0,
patch1-Math-49-JGenProg2015-plausible.patch,plausible,fixed,Math,49,ASE15-evosuite,1,0,
patch1-Math-49-JGenProg2015-plausible.patch,plausible,fixed,Math,49,ASE15-evosuite,2,0,
patch1-Math-49-JGenProg2015-plausible.patch,plausible,fixed,Math,49,ASE15-evosuite,3,0,
patch1-Math-49-JGenProg2015-plausible.patch,plausible,fixed,Math,49,ASE15-evosuite,4,0,
patch1-Math-49-JGenProg2015-plausible.patch,plausible,fixed,Math,49,ASE15-evosuite,5,0,
patch1-Math-49-JGenProg2015-plausible.patch,plausible,fixed,Math,49,ASE15-evosuite,6,0,
patch1-Math-49-JGenProg2015-plausible.patch,plausible,fixed,Math,49,ASE15-evosuite,7,0,
patch1-Math-49-JGenProg2015-plausible.patch,plausible,fixed,Math,49,ASE15-evosuite,8,0,
patch1-Math-49-JGenProg2015-plausible.patch,plausible,fixed,Math,49,ASE15-evosuite,9,0,
patch1-Math-49-JGenProg2015-plausible.patch,plausible,buggy,Math,49,ASE15-evosuite,0,3,;test07;test17;test34
patch1-Math-49-JGenProg2015-plausible.patch,plausible,buggy,Math,49,ASE15-evosuite,1,3,;test00;test08;test39
patch1-Math-49-JGenProg2015-plausible.patch,plausible,buggy,Math,49,ASE15-evosuite,2,3,;test08;test28;test31
patch1-Math-49-JGenProg2015-plausible.patch,plausible,buggy,Math,49,ASE15-evosuite,3,3,;test10;test19;test32
patch1-Math-49-JGenProg2015-plausible.patch,plausible,buggy,Math,49,ASE15-evosuite,4,1,;test08
patch1-Math-49-JGenProg2015-plausible.patch,plausible,buggy,Math,49,ASE15-evosuite,5,1,;test39
patch1-Math-49-JGenProg2015-plausible.patch,plausible,buggy,Math,49,ASE15-evosuite,6,5,;test00;test07;test14;test26;test32
patch1-Math-49-JGenProg2015-plausible.patch,plausible,buggy,Math,49,ASE15-evosuite,7,5,;test01;test10;test17;test19;test30
patch1-Math-49-JGenProg2015-plausible.patch,plausible,buggy,Math,49,ASE15-evosuite,8,2,;test08;test15
patch1-Math-49-JGenProg2015-plausible.patch,plausible,buggy,Math,49,ASE15-evosuite,9,2,;test08;test36
patch1-Math-49-JGenProg2015-plausible.patch,plausible,fixed,Math,49,ASE15-randoop,1,0,
patch1-Math-49-JGenProg2015-plausible.patch,plausible,fixed,Math,49,ASE15-randoop,2,0,
patch1-Math-49-JGenProg2015-plausible.patch,plausible,fixed,Math,49,ASE15-randoop,3,0,
patch1-Math-49-JGenProg2015-plausible.patch,plausible,fixed,Math,49,ASE15-randoop,4,0,
patch1-Math-49-JGenProg2015-plausible.patch,plausible,fixed,Math,49,ASE15-randoop,5,0,
patch1-Math-49-JGenProg2015-plausible.patch,plausible,fixed,Math,49,ASE15-randoop,6,0,
patch1-Math-49-JGenProg2015-plausible.patch,plausible,fixed,Math,49,ASE15-randoop,7,0,
patch1-Math-49-JGenProg2015-plausible.patch,plausible,fixed,Math,49,ASE15-randoop,8,0,
patch1-Math-49-JGenProg2015-plausible.patch,plausible,fixed,Math,49,ASE15-randoop,9,0,
patch1-Math-49-JGenProg2015-plausible.patch,plausible,fixed,Math,49,ASE15-randoop,10,0,
patch1-Math-49-JGenProg2015-plausible.patch,plausible,buggy,Math,49,ASE15-randoop,1,4,;  - RandoopTest2::test74;  - RandoopTest4::test133;  - RandoopTest4::test384;  - RandoopTest5::test253
patch1-Math-49-JGenProg2015-plausible.patch,plausible,buggy,Math,49,ASE15-randoop,2,1,;  - RandoopTest15::test59
patch1-Math-49-JGenProg2015-plausible.patch,plausible,buggy,Math,49,ASE15-randoop,3,0,
patch1-Math-49-JGenProg2015-plausible.patch,plausible,buggy,Math,49,ASE15-randoop,4,65,;  - RandoopTest10::test156;  - RandoopTest10::test265;  - RandoopTest10::test337;  - RandoopTest10::test403;  - RandoopTest11::test118;  - RandoopTest11::test199;  - RandoopTest11::test379;  - RandoopTest11::test446;  - RandoopTest11::test78;  - RandoopTest12::test146;  - RandoopTest12::test297;  - RandoopTest12::test347;  - RandoopTest12::test410;  - RandoopTest12::test444;  - RandoopTest12::test23;  - RandoopTest12::test96;  - RandoopTest13::test166;  - RandoopTest13::test214;  - RandoopTest13::test272;  - RandoopTest13::test287;  - RandoopTest13::test451;  - RandoopTest13::test465;  - RandoopTest13::test471;  - RandoopTest13::test35;  - RandoopTest14::test143;  - RandoopTest14::test376;  - RandoopTest14::test392;  - RandoopTest14::test469;  - RandoopTest14::test478;  - RandoopTest14::test24;  - RandoopTest14::test84;  - RandoopTest15::test127;  - RandoopTest15::test155;  - RandoopTest15::test173;  - RandoopTest15::test314;  - RandoopTest15::test446;  - RandoopTest3::test133;  - RandoopTest3::test377;  - RandoopTest3::test24;  - RandoopTest4::test131;  - RandoopTest4::test410;  - RandoopTest4::test95;  - RandoopTest5::test243;  - RandoopTest5::test344;  - RandoopTest6::test136;  - RandoopTest6::test276;  - RandoopTest7::test231;  - RandoopTest7::test235;  - RandoopTest7::test372;  - RandoopTest7::test409;  - RandoopTest7::test52;  - RandoopTest8::test194;  - RandoopTest8::test236;  - RandoopTest8::test241;  - RandoopTest8::test304;  - RandoopTest8::test315;  - RandoopTest8::test360;  - RandoopTest8::test424;  - RandoopTest8::test499;  - RandoopTest8::test83;  - RandoopTest8::test96;  - RandoopTest9::test293;  - RandoopTest9::test352;  - RandoopTest9::test463;  - RandoopTest9::test95
patch1-Math-49-JGenProg2015-plausible.patch,plausible,buggy,Math,49,ASE15-randoop,5,0,
patch1-Math-49-JGenProg2015-plausible.patch,plausible,buggy,Math,49,ASE15-randoop,6,0,
patch1-Math-49-JGenProg2015-plausible.patch,plausible,buggy,Math,49,ASE15-randoop,7,1,;  - RandoopTest17::test122
patch1-Math-49-JGenProg2015-plausible.patch,plausible,buggy,Math,49,ASE15-randoop,8,0,
patch1-Math-49-JGenProg2015-plausible.patch,plausible,buggy,Math,49,ASE15-randoop,9,0,
patch1-Math-49-JGenProg2015-plausible.patch,plausible,buggy,Math,49,ASE15-randoop,10,0,
patch1-Math-49-JGenProg2015-plausible.patch,plausible,fixed,Math,49,EMSE18-evosuite,0,0,
patch1-Math-49-JGenProg2015-plausible.patch,plausible,fixed,Math,49,EMSE18-evosuite,1,0,
patch1-Math-49-JGenProg2015-plausible.patch,plausible,fixed,Math,49,EMSE18-evosuite,2,0,
patch1-Math-49-JGenProg2015-plausible.patch,plausible,fixed,Math,49,EMSE18-evosuite,3,0,
patch1-Math-49-JGenProg2015-plausible.patch,plausible,fixed,Math,49,EMSE18-evosuite,4,0,
patch1-Math-49-JGenProg2015-plausible.patch,plausible,fixed,Math,49,EMSE18-evosuite,5,0,
patch1-Math-49-JGenProg2015-plausible.patch,plausible,fixed,Math,49,EMSE18-evosuite,6,0,
patch1-Math-49-JGenProg2015-plausible.patch,plausible,fixed,Math,49,EMSE18-evosuite,7,0,
patch1-Math-49-JGenProg2015-plausible.patch,plausible,fixed,Math,49,EMSE18-evosuite,8,0,
patch1-Math-49-JGenProg2015-plausible.patch,plausible,fixed,Math,49,EMSE18-evosuite,9,0,
patch1-Math-49-JGenProg2015-plausible.patch,plausible,fixed,Math,49,EMSE18-evosuite,10,0,
patch1-Math-49-JGenProg2015-plausible.patch,plausible,fixed,Math,49,EMSE18-evosuite,11,0,
patch1-Math-49-JGenProg2015-plausible.patch,plausible,fixed,Math,49,EMSE18-evosuite,12,0,
patch1-Math-49-JGenProg2015-plausible.patch,plausible,fixed,Math,49,EMSE18-evosuite,13,0,
patch1-Math-49-JGenProg2015-plausible.patch,plausible,fixed,Math,49,EMSE18-evosuite,14,0,
patch1-Math-49-JGenProg2015-plausible.patch,plausible,fixed,Math,49,EMSE18-evosuite,15,0,
patch1-Math-49-JGenProg2015-plausible.patch,plausible,fixed,Math,49,EMSE18-evosuite,16,0,
patch1-Math-49-JGenProg2015-plausible.patch,plausible,fixed,Math,49,EMSE18-evosuite,17,0,
patch1-Math-49-JGenProg2015-plausible.patch,plausible,fixed,Math,49,EMSE18-evosuite,18,0,
patch1-Math-49-JGenProg2015-plausible.patch,plausible,fixed,Math,49,EMSE18-evosuite,19,0,
patch1-Math-49-JGenProg2015-plausible.patch,plausible,fixed,Math,49,EMSE18-evosuite,20,0,
patch1-Math-49-JGenProg2015-plausible.patch,plausible,fixed,Math,49,EMSE18-evosuite,21,0,
patch1-Math-49-JGenProg2015-plausible.patch,plausible,fixed,Math,49,EMSE18-evosuite,22,0,
patch1-Math-49-JGenProg2015-plausible.patch,plausible,fixed,Math,49,EMSE18-evosuite,23,0,
patch1-Math-49-JGenProg2015-plausible.patch,plausible,fixed,Math,49,EMSE18-evosuite,24,0,
patch1-Math-49-JGenProg2015-plausible.patch,plausible,fixed,Math,49,EMSE18-evosuite,25,0,
patch1-Math-49-JGenProg2015-plausible.patch,plausible,fixed,Math,49,EMSE18-evosuite,26,0,
patch1-Math-49-JGenProg2015-plausible.patch,plausible,fixed,Math,49,EMSE18-evosuite,27,0,
patch1-Math-49-JGenProg2015-plausible.patch,plausible,fixed,Math,49,EMSE18-evosuite,28,0,
patch1-Math-49-JGenProg2015-plausible.patch,plausible,fixed,Math,49,EMSE18-evosuite,29,0,
patch1-Math-49-JGenProg2015-plausible.patch,plausible,buggy,Math,49,EMSE18-evosuite,0,6,;test032;test127;test137;test142;test146;test160
patch1-Math-49-JGenProg2015-plausible.patch,plausible,buggy,Math,49,EMSE18-evosuite,1,9,;test042;test115;test138;test141;test147;test158;test160;test162;test163
patch1-Math-49-JGenProg2015-plausible.patch,plausible,buggy,Math,49,EMSE18-evosuite,2,8,;test000;test034;test105;test132;test137;test156;test157;test163
patch1-Math-49-JGenProg2015-plausible.patch,plausible,buggy,Math,49,EMSE18-evosuite,3,6,;test010;test012;test096;test097;test099;test111
patch1-Math-49-JGenProg2015-plausible.patch,plausible,buggy,Math,49,EMSE18-evosuite,4,0,
patch1-Math-49-JGenProg2015-plausible.patch,plausible,buggy,Math,49,EMSE18-evosuite,5,6,;test004;test140;test150;test163;test172;test178
patch1-Math-49-JGenProg2015-plausible.patch,plausible,buggy,Math,49,EMSE18-evosuite,6,10,;test000;test007;test032;test034;test035;test041;test113;test124;test134;test157
patch1-Math-49-JGenProg2015-plausible.patch,plausible,buggy,Math,49,EMSE18-evosuite,7,9,;test028;test038;test099;test100;test134;test135;test136;test139;test152
patch1-Math-49-JGenProg2015-plausible.patch,plausible,buggy,Math,49,EMSE18-evosuite,8,6,;test006;test016;test098;test100;test105;test143
patch1-Math-49-JGenProg2015-plausible.patch,plausible,buggy,Math,49,EMSE18-evosuite,9,3,;test008;test134;test150
patch1-Math-49-JGenProg2015-plausible.patch,plausible,buggy,Math,49,EMSE18-evosuite,10,13,;test006;test026;test099;test100;test102;test114;test124;test130;test131;test132;test144;test151;test155
patch1-Math-49-JGenProg2015-plausible.patch,plausible,buggy,Math,49,EMSE18-evosuite,11,4,;test105;test139;test147;test151
patch1-Math-49-JGenProg2015-plausible.patch,plausible,buggy,Math,49,EMSE18-evosuite,12,0,
patch1-Math-49-JGenProg2015-plausible.patch,plausible,buggy,Math,49,EMSE18-evosuite,13,7,;test004;test115;test150;test152;test153;test162;test167
patch1-Math-49-JGenProg2015-plausible.patch,plausible,buggy,Math,49,EMSE18-evosuite,14,0,
patch1-Math-49-JGenProg2015-plausible.patch,plausible,buggy,Math,49,EMSE18-evosuite,15,12,;test001;test011;test033;test038;test048;test114;test120;test124;test141;test147;test162;test165
patch1-Math-49-JGenProg2015-plausible.patch,plausible,buggy,Math,49,EMSE18-evosuite,16,0,
patch1-Math-49-JGenProg2015-plausible.patch,plausible,buggy,Math,49,EMSE18-evosuite,17,2,;test132;test133
patch1-Math-49-JGenProg2015-plausible.patch,plausible,buggy,Math,49,EMSE18-evosuite,18,14,;test008;test009;test012;test020;test116;test117;test141;test143;test147;test149;test152;test162;test165;test166
patch1-Math-49-JGenProg2015-plausible.patch,plausible,buggy,Math,49,EMSE18-evosuite,19,0,
patch1-Math-49-JGenProg2015-plausible.patch,plausible,buggy,Math,49,EMSE18-evosuite,20,4,;test134;test148;test166;test169
patch1-Math-49-JGenProg2015-plausible.patch,plausible,buggy,Math,49,EMSE18-evosuite,21,3,;test135;test139;test155
patch1-Math-49-JGenProg2015-plausible.patch,plausible,buggy,Math,49,EMSE18-evosuite,22,5,;test130;test138;test146;test158;test169
patch1-Math-49-JGenProg2015-plausible.patch,plausible,buggy,Math,49,EMSE18-evosuite,23,3,;test122;test149;test153
patch1-Math-49-JGenProg2015-plausible.patch,plausible,buggy,Math,49,EMSE18-evosuite,24,0,
patch1-Math-49-JGenProg2015-plausible.patch,plausible,buggy,Math,49,EMSE18-evosuite,25,5,;test033;test100;test126;test135;test155
patch1-Math-49-JGenProg2015-plausible.patch,plausible,buggy,Math,49,EMSE18-evosuite,26,0,
patch1-Math-49-JGenProg2015-plausible.patch,plausible,buggy,Math,49,EMSE18-evosuite,27,0,
patch1-Math-49-JGenProg2015-plausible.patch,plausible,buggy,Math,49,EMSE18-evosuite,28,1,;test010
patch1-Math-49-JGenProg2015-plausible.patch,plausible,buggy,Math,49,EMSE18-evosuite,29,0,
patch1-Time-4-JGenProg2015-plausible.patch,plausible,fixed,Time,4,ASE15-evosuite,0,0,
patch1-Time-4-JGenProg2015-plausible.patch,plausible,fixed,Time,4,ASE15-evosuite,1,0,
patch1-Time-4-JGenProg2015-plausible.patch,plausible,fixed,Time,4,ASE15-evosuite,2,0,
patch1-Time-4-JGenProg2015-plausible.patch,plausible,fixed,Time,4,ASE15-evosuite,3,0,
patch1-Time-4-JGenProg2015-plausible.patch,plausible,fixed,Time,4,ASE15-evosuite,4,0,
patch1-Time-4-JGenProg2015-plausible.patch,plausible,fixed,Time,4,ASE15-evosuite,5,0,
patch1-Time-4-JGenProg2015-plausible.patch,plausible,fixed,Time,4,ASE15-evosuite,6,0,
patch1-Time-4-JGenProg2015-plausible.patch,plausible,fixed,Time,4,ASE15-evosuite,7,0,
patch1-Time-4-JGenProg2015-plausible.patch,plausible,fixed,Time,4,ASE15-evosuite,8,0,
patch1-Time-4-JGenProg2015-plausible.patch,plausible,fixed,Time,4,ASE15-evosuite,9,0,
patch1-Time-4-JGenProg2015-plausible.patch,plausible,buggy,Time,4,ASE15-evosuite,0,0,
patch1-Time-4-JGenProg2015-plausible.patch,plausible,buggy,Time,4,ASE15-evosuite,1,0,
patch1-Time-4-JGenProg2015-plausible.patch,plausible,buggy,Time,4,ASE15-evosuite,2,0,
patch1-Time-4-JGenProg2015-plausible.patch,plausible,buggy,Time,4,ASE15-evosuite,3,0,
patch1-Time-4-JGenProg2015-plausible.patch,plausible,buggy,Time,4,ASE15-evosuite,4,0,
patch1-Time-4-JGenProg2015-plausible.patch,plausible,buggy,Time,4,ASE15-evosuite,5,0,
patch1-Time-4-JGenProg2015-plausible.patch,plausible,buggy,Time,4,ASE15-evosuite,6,0,
patch1-Time-4-JGenProg2015-plausible.patch,plausible,buggy,Time,4,ASE15-evosuite,7,0,
patch1-Time-4-JGenProg2015-plausible.patch,plausible,buggy,Time,4,ASE15-evosuite,8,0,
patch1-Time-4-JGenProg2015-plausible.patch,plausible,buggy,Time,4,ASE15-evosuite,9,0,
patch1-Time-4-JGenProg2015-plausible.patch,plausible,fixed,Time,4,EMSE18-evosuite,0,0,
patch1-Time-4-JGenProg2015-plausible.patch,plausible,fixed,Time,4,EMSE18-evosuite,1,0,
patch1-Time-4-JGenProg2015-plausible.patch,plausible,fixed,Time,4,EMSE18-evosuite,2,0,
patch1-Time-4-JGenProg2015-plausible.patch,plausible,fixed,Time,4,EMSE18-evosuite,3,0,
patch1-Time-4-JGenProg2015-plausible.patch,plausible,fixed,Time,4,EMSE18-evosuite,4,0,
patch1-Time-4-JGenProg2015-plausible.patch,plausible,fixed,Time,4,EMSE18-evosuite,5,0,
patch1-Time-4-JGenProg2015-plausible.patch,plausible,fixed,Time,4,EMSE18-evosuite,6,0,
patch1-Time-4-JGenProg2015-plausible.patch,plausible,fixed,Time,4,EMSE18-evosuite,7,0,
patch1-Time-4-JGenProg2015-plausible.patch,plausible,fixed,Time,4,EMSE18-evosuite,8,0,
patch1-Time-4-JGenProg2015-plausible.patch,plausible,fixed,Time,4,EMSE18-evosuite,9,0,
patch1-Time-4-JGenProg2015-plausible.patch,plausible,fixed,Time,4,EMSE18-evosuite,10,0,
patch1-Time-4-JGenProg2015-plausible.patch,plausible,fixed,Time,4,EMSE18-evosuite,11,0,
patch1-Time-4-JGenProg2015-plausible.patch,plausible,fixed,Time,4,EMSE18-evosuite,12,0,
patch1-Time-4-JGenProg2015-plausible.patch,plausible,fixed,Time,4,EMSE18-evosuite,13,0,
patch1-Time-4-JGenProg2015-plausible.patch,plausible,fixed,Time,4,EMSE18-evosuite,14,0,
patch1-Time-4-JGenProg2015-plausible.patch,plausible,fixed,Time,4,EMSE18-evosuite,15,0,
patch1-Time-4-JGenProg2015-plausible.patch,plausible,fixed,Time,4,EMSE18-evosuite,16,0,
patch1-Time-4-JGenProg2015-plausible.patch,plausible,fixed,Time,4,EMSE18-evosuite,17,0,
patch1-Time-4-JGenProg2015-plausible.patch,plausible,fixed,Time,4,EMSE18-evosuite,18,0,
patch1-Time-4-JGenProg2015-plausible.patch,plausible,fixed,Time,4,EMSE18-evosuite,19,0,
patch1-Time-4-JGenProg2015-plausible.patch,plausible,fixed,Time,4,EMSE18-evosuite,20,0,
patch1-Time-4-JGenProg2015-plausible.patch,plausible,fixed,Time,4,EMSE18-evosuite,21,0,
patch1-Time-4-JGenProg2015-plausible.patch,plausible,fixed,Time,4,EMSE18-evosuite,22,0,
patch1-Time-4-JGenProg2015-plausible.patch,plausible,fixed,Time,4,EMSE18-evosuite,23,0,
patch1-Time-4-JGenProg2015-plausible.patch,plausible,fixed,Time,4,EMSE18-evosuite,24,0,
patch1-Time-4-JGenProg2015-plausible.patch,plausible,fixed,Time,4,EMSE18-evosuite,25,0,
patch1-Time-4-JGenProg2015-plausible.patch,plausible,fixed,Time,4,EMSE18-evosuite,26,0,
patch1-Time-4-JGenProg2015-plausible.patch,plausible,fixed,Time,4,EMSE18-evosuite,27,0,
patch1-Time-4-JGenProg2015-plausible.patch,plausible,fixed,Time,4,EMSE18-evosuite,28,0,
patch1-Time-4-JGenProg2015-plausible.patch,plausible,fixed,Time,4,EMSE18-evosuite,29,0,
patch1-Time-4-JGenProg2015-plausible.patch,plausible,buggy,Time,4,EMSE18-evosuite,0,1,;test66
patch1-Time-4-JGenProg2015-plausible.patch,plausible,buggy,Time,4,EMSE18-evosuite,1,0,
patch1-Time-4-JGenProg2015-plausible.patch,plausible,buggy,Time,4,EMSE18-evosuite,2,1,;test73
patch1-Time-4-JGenProg2015-plausible.patch,plausible,buggy,Time,4,EMSE18-evosuite,3,0,
patch1-Time-4-JGenProg2015-plausible.patch,plausible,buggy,Time,4,EMSE18-evosuite,4,0,
patch1-Time-4-JGenProg2015-plausible.patch,plausible,buggy,Time,4,EMSE18-evosuite,5,0,
patch1-Time-4-JGenProg2015-plausible.patch,plausible,buggy,Time,4,EMSE18-evosuite,6,0,
patch1-Time-4-JGenProg2015-plausible.patch,plausible,buggy,Time,4,EMSE18-evosuite,7,0,
patch1-Time-4-JGenProg2015-plausible.patch,plausible,buggy,Time,4,EMSE18-evosuite,8,0,
patch1-Time-4-JGenProg2015-plausible.patch,plausible,buggy,Time,4,EMSE18-evosuite,9,0,
patch1-Time-4-JGenProg2015-plausible.patch,plausible,buggy,Time,4,EMSE18-evosuite,10,0,
patch1-Time-4-JGenProg2015-plausible.patch,plausible,buggy,Time,4,EMSE18-evosuite,11,0,
patch1-Time-4-JGenProg2015-plausible.patch,plausible,buggy,Time,4,EMSE18-evosuite,12,0,
patch1-Time-4-JGenProg2015-plausible.patch,plausible,buggy,Time,4,EMSE18-evosuite,13,0,
patch1-Time-4-JGenProg2015-plausible.patch,plausible,buggy,Time,4,EMSE18-evosuite,14,0,
patch1-Time-4-JGenProg2015-plausible.patch,plausible,buggy,Time,4,EMSE18-evosuite,15,0,
patch1-Time-4-JGenProg2015-plausible.patch,plausible,buggy,Time,4,EMSE18-evosuite,16,0,
patch1-Time-4-JGenProg2015-plausible.patch,plausible,buggy,Time,4,EMSE18-evosuite,17,0,
patch1-Time-4-JGenProg2015-plausible.patch,plausible,buggy,Time,4,EMSE18-evosuite,18,0,
patch1-Time-4-JGenProg2015-plausible.patch,plausible,buggy,Time,4,EMSE18-evosuite,19,0,
patch1-Time-4-JGenProg2015-plausible.patch,plausible,buggy,Time,4,EMSE18-evosuite,20,0,
patch1-Time-4-JGenProg2015-plausible.patch,plausible,buggy,Time,4,EMSE18-evosuite,21,0,
patch1-Time-4-JGenProg2015-plausible.patch,plausible,buggy,Time,4,EMSE18-evosuite,22,0,
patch1-Time-4-JGenProg2015-plausible.patch,plausible,buggy,Time,4,EMSE18-evosuite,23,0,
patch1-Time-4-JGenProg2015-plausible.patch,plausible,buggy,Time,4,EMSE18-evosuite,24,0,
patch1-Time-4-JGenProg2015-plausible.patch,plausible,buggy,Time,4,EMSE18-evosuite,25,0,
patch1-Time-4-JGenProg2015-plausible.patch,plausible,buggy,Time,4,EMSE18-evosuite,26,0,
patch1-Time-4-JGenProg2015-plausible.patch,plausible,buggy,Time,4,EMSE18-evosuite,27,0,
patch1-Time-4-JGenProg2015-plausible.patch,plausible,buggy,Time,4,EMSE18-evosuite,28,0,
patch1-Time-4-JGenProg2015-plausible.patch,plausible,buggy,Time,4,EMSE18-evosuite,29,0,