patch15-Math-85-3sfix.patch,Math,85,ASE15_Evosuite,0,2,;test01;test02
patch15-Math-85-3sfix.patch,Math,85,ASE15_Evosuite,1,2,;test0;test1
patch15-Math-85-3sfix.patch,Math,85,ASE15_Evosuite,2,2,;test01;test02
patch15-Math-85-3sfix.patch,Math,85,ASE15_Evosuite,3,2,;test0;test1
patch15-Math-85-3sfix.patch,Math,85,ASE15_Evosuite,4,1,;test01
patch15-Math-85-3sfix.patch,Math,85,ASE15_Evosuite,5,3,;test01;test02;test03
patch15-Math-85-3sfix.patch,Math,85,ASE15_Evosuite,6,2,;test1;test3
patch15-Math-85-3sfix.patch,Math,85,ASE15_Evosuite,7,2,;test1;test3
patch15-Math-85-3sfix.patch,Math,85,ASE15_Evosuite,8,2,;test00;test01
patch15-Math-85-3sfix.patch,Math,85,ASE15_Evosuite,9,2,;test1;test2
patch12-Math-85-3sfix.patch,Math,85,ASE15_Evosuite,0,0,
patch12-Math-85-3sfix.patch,Math,85,ASE15_Evosuite,1,0,
patch12-Math-85-3sfix.patch,Math,85,ASE15_Evosuite,2,0,
patch12-Math-85-3sfix.patch,Math,85,ASE15_Evosuite,3,0,
patch12-Math-85-3sfix.patch,Math,85,ASE15_Evosuite,4,0,
patch12-Math-85-3sfix.patch,Math,85,ASE15_Evosuite,5,0,
patch12-Math-85-3sfix.patch,Math,85,ASE15_Evosuite,6,0,
patch12-Math-85-3sfix.patch,Math,85,ASE15_Evosuite,7,0,
patch12-Math-85-3sfix.patch,Math,85,ASE15_Evosuite,8,0,
patch12-Math-85-3sfix.patch,Math,85,ASE15_Evosuite,9,0,
patch2-Math-82-3sfix.patch,Math,82,ASE15_Evosuite,0,0,
patch2-Math-82-3sfix.patch,Math,82,ASE15_Evosuite,1,0,
patch2-Math-82-3sfix.patch,Math,82,ASE15_Evosuite,2,0,
patch2-Math-82-3sfix.patch,Math,82,ASE15_Evosuite,3,0,
patch2-Math-82-3sfix.patch,Math,82,ASE15_Evosuite,4,0,
patch2-Math-82-3sfix.patch,Math,82,ASE15_Evosuite,5,0,
patch2-Math-82-3sfix.patch,Math,82,ASE15_Evosuite,6,0,
patch2-Math-82-3sfix.patch,Math,82,ASE15_Evosuite,7,0,
patch2-Math-82-3sfix.patch,Math,82,ASE15_Evosuite,8,0,
patch2-Math-82-3sfix.patch,Math,82,ASE15_Evosuite,9,0,
patch1-Math-5-3sfix.patch,Math,5,ASE15_Evosuite,0,0,
patch1-Math-5-3sfix.patch,Math,5,ASE15_Evosuite,1,0,
patch1-Math-5-3sfix.patch,Math,5,ASE15_Evosuite,2,0,
patch1-Math-5-3sfix.patch,Math,5,ASE15_Evosuite,3,0,
patch1-Math-5-3sfix.patch,Math,5,ASE15_Evosuite,4,0,
patch1-Math-5-3sfix.patch,Math,5,ASE15_Evosuite,5,0,
patch1-Math-5-3sfix.patch,Math,5,ASE15_Evosuite,6,0,
patch1-Math-5-3sfix.patch,Math,5,ASE15_Evosuite,7,0,
patch1-Math-5-3sfix.patch,Math,5,ASE15_Evosuite,8,0,
patch1-Math-5-3sfix.patch,Math,5,ASE15_Evosuite,9,0,
patch6-Math-85-3sfix.patch,Math,85,ASE15_Evosuite,0,0,
patch6-Math-85-3sfix.patch,Math,85,ASE15_Evosuite,1,0,
patch6-Math-85-3sfix.patch,Math,85,ASE15_Evosuite,2,1,;test01
patch6-Math-85-3sfix.patch,Math,85,ASE15_Evosuite,3,0,
patch6-Math-85-3sfix.patch,Math,85,ASE15_Evosuite,4,0,
patch6-Math-85-3sfix.patch,Math,85,ASE15_Evosuite,5,0,
patch6-Math-85-3sfix.patch,Math,85,ASE15_Evosuite,6,0,
patch6-Math-85-3sfix.patch,Math,85,ASE15_Evosuite,7,0,
patch6-Math-85-3sfix.patch,Math,85,ASE15_Evosuite,8,0,
patch6-Math-85-3sfix.patch,Math,85,ASE15_Evosuite,9,1,;test2
patch2-Math-85-3sfix.patch,Math,85,ASE15_Evosuite,0,2,;test01;test02
patch2-Math-85-3sfix.patch,Math,85,ASE15_Evosuite,1,2,;test0;test1
patch2-Math-85-3sfix.patch,Math,85,ASE15_Evosuite,2,2,;test01;test02
patch2-Math-85-3sfix.patch,Math,85,ASE15_Evosuite,3,2,;test0;test1
patch2-Math-85-3sfix.patch,Math,85,ASE15_Evosuite,4,1,;test01
patch2-Math-85-3sfix.patch,Math,85,ASE15_Evosuite,5,3,;test01;test02;test03
patch2-Math-85-3sfix.patch,Math,85,ASE15_Evosuite,6,2,;test1;test3
patch2-Math-85-3sfix.patch,Math,85,ASE15_Evosuite,7,2,;test1;test3
patch2-Math-85-3sfix.patch,Math,85,ASE15_Evosuite,8,2,;test00;test01
patch2-Math-85-3sfix.patch,Math,85,ASE15_Evosuite,9,2,;test1;test2
patch1-Math-58-3sfix.patch,Math,58,ASE15_Evosuite,0,0,
patch1-Math-58-3sfix.patch,Math,58,ASE15_Evosuite,1,0,
patch1-Math-58-3sfix.patch,Math,58,ASE15_Evosuite,2,0,
patch1-Math-58-3sfix.patch,Math,58,ASE15_Evosuite,3,0,
patch1-Math-58-3sfix.patch,Math,58,ASE15_Evosuite,4,0,
patch1-Math-58-3sfix.patch,Math,58,ASE15_Evosuite,5,0,
patch1-Math-58-3sfix.patch,Math,58,ASE15_Evosuite,6,0,
patch1-Math-58-3sfix.patch,Math,58,ASE15_Evosuite,7,0,
patch1-Math-58-3sfix.patch,Math,58,ASE15_Evosuite,8,0,
patch1-Math-58-3sfix.patch,Math,58,ASE15_Evosuite,9,0,
patch16-Math-85-3sfix.patch,Math,85,ASE15_Evosuite,0,0,
patch16-Math-85-3sfix.patch,Math,85,ASE15_Evosuite,1,0,
patch16-Math-85-3sfix.patch,Math,85,ASE15_Evosuite,2,0,
patch16-Math-85-3sfix.patch,Math,85,ASE15_Evosuite,3,0,
patch16-Math-85-3sfix.patch,Math,85,ASE15_Evosuite,4,0,
patch16-Math-85-3sfix.patch,Math,85,ASE15_Evosuite,5,0,
patch16-Math-85-3sfix.patch,Math,85,ASE15_Evosuite,6,0,
patch16-Math-85-3sfix.patch,Math,85,ASE15_Evosuite,7,0,
patch16-Math-85-3sfix.patch,Math,85,ASE15_Evosuite,8,0,
patch16-Math-85-3sfix.patch,Math,85,ASE15_Evosuite,9,0,
patch1-Math-80-3sfix.patch,Math,80,ASE15_Evosuite,0,0,
patch1-Math-80-3sfix.patch,Math,80,ASE15_Evosuite,1,0,
patch1-Math-80-3sfix.patch,Math,80,ASE15_Evosuite,2,0,
patch1-Math-80-3sfix.patch,Math,80,ASE15_Evosuite,3,0,
patch1-Math-80-3sfix.patch,Math,80,ASE15_Evosuite,5,0,
patch1-Math-80-3sfix.patch,Math,80,ASE15_Evosuite,6,1,;test10
patch1-Math-80-3sfix.patch,Math,80,ASE15_Evosuite,7,1,;test11
patch1-Math-80-3sfix.patch,Math,80,ASE15_Evosuite,8,0,
patch1-Math-80-3sfix.patch,Math,80,ASE15_Evosuite,9,1,;test04
patch1-Math-63-3sfix.patch,Math,63,ASE15_Evosuite,0,0,
patch1-Math-63-3sfix.patch,Math,63,ASE15_Evosuite,1,0,
patch1-Math-63-3sfix.patch,Math,63,ASE15_Evosuite,2,0,
patch1-Math-63-3sfix.patch,Math,63,ASE15_Evosuite,3,0,
patch1-Math-63-3sfix.patch,Math,63,ASE15_Evosuite,4,0,
patch1-Math-63-3sfix.patch,Math,63,ASE15_Evosuite,6,0,
patch1-Math-63-3sfix.patch,Math,63,ASE15_Evosuite,7,0,
patch1-Math-63-3sfix.patch,Math,63,ASE15_Evosuite,8,0,
patch1-Math-63-3sfix.patch,Math,63,ASE15_Evosuite,9,0,
patch13-Math-85-3sfix.patch,Math,85,ASE15_Evosuite,0,0,
patch13-Math-85-3sfix.patch,Math,85,ASE15_Evosuite,1,0,
patch13-Math-85-3sfix.patch,Math,85,ASE15_Evosuite,2,1,;test01
patch13-Math-85-3sfix.patch,Math,85,ASE15_Evosuite,3,0,
patch13-Math-85-3sfix.patch,Math,85,ASE15_Evosuite,4,0,
patch13-Math-85-3sfix.patch,Math,85,ASE15_Evosuite,5,0,
patch13-Math-85-3sfix.patch,Math,85,ASE15_Evosuite,6,0,
patch13-Math-85-3sfix.patch,Math,85,ASE15_Evosuite,7,0,
patch13-Math-85-3sfix.patch,Math,85,ASE15_Evosuite,8,0,
patch13-Math-85-3sfix.patch,Math,85,ASE15_Evosuite,9,1,;test2
patch5-Math-85-3sfix.patch,Math,85,ASE15_Evosuite,0,0,
patch5-Math-85-3sfix.patch,Math,85,ASE15_Evosuite,1,0,
patch5-Math-85-3sfix.patch,Math,85,ASE15_Evosuite,2,1,;test01
patch5-Math-85-3sfix.patch,Math,85,ASE15_Evosuite,3,0,
patch5-Math-85-3sfix.patch,Math,85,ASE15_Evosuite,4,0,
patch5-Math-85-3sfix.patch,Math,85,ASE15_Evosuite,5,0,
patch5-Math-85-3sfix.patch,Math,85,ASE15_Evosuite,6,0,
patch5-Math-85-3sfix.patch,Math,85,ASE15_Evosuite,7,0,
patch5-Math-85-3sfix.patch,Math,85,ASE15_Evosuite,8,0,
patch5-Math-85-3sfix.patch,Math,85,ASE15_Evosuite,9,1,;test2
patch11-Math-85-3sfix.patch,Math,85,ASE15_Evosuite,0,0,
patch11-Math-85-3sfix.patch,Math,85,ASE15_Evosuite,1,0,
patch11-Math-85-3sfix.patch,Math,85,ASE15_Evosuite,2,0,
patch11-Math-85-3sfix.patch,Math,85,ASE15_Evosuite,3,0,
patch11-Math-85-3sfix.patch,Math,85,ASE15_Evosuite,4,0,
patch11-Math-85-3sfix.patch,Math,85,ASE15_Evosuite,5,0,
patch11-Math-85-3sfix.patch,Math,85,ASE15_Evosuite,6,0,
patch11-Math-85-3sfix.patch,Math,85,ASE15_Evosuite,7,0,
patch11-Math-85-3sfix.patch,Math,85,ASE15_Evosuite,8,0,
patch11-Math-85-3sfix.patch,Math,85,ASE15_Evosuite,9,0,
patch10-Math-85-3sfix.patch,Math,85,ASE15_Evosuite,0,2,;test01;test02
patch10-Math-85-3sfix.patch,Math,85,ASE15_Evosuite,1,2,;test0;test1
patch10-Math-85-3sfix.patch,Math,85,ASE15_Evosuite,2,2,;test01;test02
patch10-Math-85-3sfix.patch,Math,85,ASE15_Evosuite,3,2,;test0;test1
patch10-Math-85-3sfix.patch,Math,85,ASE15_Evosuite,4,1,;test01
patch10-Math-85-3sfix.patch,Math,85,ASE15_Evosuite,5,3,;test01;test02;test03
patch10-Math-85-3sfix.patch,Math,85,ASE15_Evosuite,6,2,;test1;test3
patch10-Math-85-3sfix.patch,Math,85,ASE15_Evosuite,7,2,;test1;test3
patch10-Math-85-3sfix.patch,Math,85,ASE15_Evosuite,8,2,;test00;test01
patch10-Math-85-3sfix.patch,Math,85,ASE15_Evosuite,9,2,;test1;test2
patch1-Math-30-3sfix.patch,Math,30,ASE15_Evosuite,0,0,
patch1-Math-30-3sfix.patch,Math,30,ASE15_Evosuite,1,0,
patch1-Math-30-3sfix.patch,Math,30,ASE15_Evosuite,2,0,
patch1-Math-30-3sfix.patch,Math,30,ASE15_Evosuite,3,0,
patch1-Math-30-3sfix.patch,Math,30,ASE15_Evosuite,4,0,
patch1-Math-30-3sfix.patch,Math,30,ASE15_Evosuite,5,0,
patch1-Math-30-3sfix.patch,Math,30,ASE15_Evosuite,6,0,
patch1-Math-30-3sfix.patch,Math,30,ASE15_Evosuite,7,0,
patch1-Math-30-3sfix.patch,Math,30,ASE15_Evosuite,8,0,
patch1-Math-30-3sfix.patch,Math,30,ASE15_Evosuite,9,0,
patch1-Math-82-3sfix.patch,Math,82,ASE15_Evosuite,0,0,
patch1-Math-82-3sfix.patch,Math,82,ASE15_Evosuite,1,0,
patch1-Math-82-3sfix.patch,Math,82,ASE15_Evosuite,2,0,
patch1-Math-82-3sfix.patch,Math,82,ASE15_Evosuite,3,0,
patch1-Math-82-3sfix.patch,Math,82,ASE15_Evosuite,4,0,
patch1-Math-82-3sfix.patch,Math,82,ASE15_Evosuite,5,0,
patch1-Math-82-3sfix.patch,Math,82,ASE15_Evosuite,6,0,
patch1-Math-82-3sfix.patch,Math,82,ASE15_Evosuite,7,0,
patch1-Math-82-3sfix.patch,Math,82,ASE15_Evosuite,8,0,
patch1-Math-82-3sfix.patch,Math,82,ASE15_Evosuite,9,0,
patch9-Math-85-3sfix.patch,Math,85,ASE15_Evosuite,0,0,
patch9-Math-85-3sfix.patch,Math,85,ASE15_Evosuite,1,0,
patch9-Math-85-3sfix.patch,Math,85,ASE15_Evosuite,2,1,;test01
patch9-Math-85-3sfix.patch,Math,85,ASE15_Evosuite,3,0,
patch9-Math-85-3sfix.patch,Math,85,ASE15_Evosuite,4,0,
patch9-Math-85-3sfix.patch,Math,85,ASE15_Evosuite,5,0,
patch9-Math-85-3sfix.patch,Math,85,ASE15_Evosuite,6,0,
patch9-Math-85-3sfix.patch,Math,85,ASE15_Evosuite,7,0,
patch9-Math-85-3sfix.patch,Math,85,ASE15_Evosuite,8,0,
patch9-Math-85-3sfix.patch,Math,85,ASE15_Evosuite,9,1,;test2
patch1-Math-85-3sfix.patch,Math,85,ASE15_Evosuite,0,0,
patch1-Math-85-3sfix.patch,Math,85,ASE15_Evosuite,1,0,
patch1-Math-85-3sfix.patch,Math,85,ASE15_Evosuite,2,0,
patch1-Math-85-3sfix.patch,Math,85,ASE15_Evosuite,3,0,
patch1-Math-85-3sfix.patch,Math,85,ASE15_Evosuite,4,0,
patch1-Math-85-3sfix.patch,Math,85,ASE15_Evosuite,5,0,
patch1-Math-85-3sfix.patch,Math,85,ASE15_Evosuite,6,0,
patch1-Math-85-3sfix.patch,Math,85,ASE15_Evosuite,7,0,
patch1-Math-85-3sfix.patch,Math,85,ASE15_Evosuite,8,0,
patch1-Math-85-3sfix.patch,Math,85,ASE15_Evosuite,9,0,
patch7-Math-85-3sfix.patch,Math,85,ASE15_Evosuite,0,2,;test01;test02
patch7-Math-85-3sfix.patch,Math,85,ASE15_Evosuite,1,0,
patch7-Math-85-3sfix.patch,Math,85,ASE15_Evosuite,2,2,;test01;test02
patch7-Math-85-3sfix.patch,Math,85,ASE15_Evosuite,3,1,;test0
patch7-Math-85-3sfix.patch,Math,85,ASE15_Evosuite,4,0,
patch7-Math-85-3sfix.patch,Math,85,ASE15_Evosuite,5,0,
patch7-Math-85-3sfix.patch,Math,85,ASE15_Evosuite,6,2,;test1;test3
patch7-Math-85-3sfix.patch,Math,85,ASE15_Evosuite,7,2,;test1;test3
patch7-Math-85-3sfix.patch,Math,85,ASE15_Evosuite,8,0,
patch7-Math-85-3sfix.patch,Math,85,ASE15_Evosuite,9,2,;test1;test2
patch3-Math-85-3sfix.patch,Math,85,ASE15_Evosuite,0,0,
patch3-Math-85-3sfix.patch,Math,85,ASE15_Evosuite,1,0,
patch3-Math-85-3sfix.patch,Math,85,ASE15_Evosuite,2,1,;test01
patch3-Math-85-3sfix.patch,Math,85,ASE15_Evosuite,3,0,
patch3-Math-85-3sfix.patch,Math,85,ASE15_Evosuite,4,0,
patch3-Math-85-3sfix.patch,Math,85,ASE15_Evosuite,5,0,
patch3-Math-85-3sfix.patch,Math,85,ASE15_Evosuite,6,0,
patch3-Math-85-3sfix.patch,Math,85,ASE15_Evosuite,7,0,
patch3-Math-85-3sfix.patch,Math,85,ASE15_Evosuite,8,0,
patch3-Math-85-3sfix.patch,Math,85,ASE15_Evosuite,9,1,;test2
patch14-Math-85-3sfix.patch,Math,85,ASE15_Evosuite,0,2,;test01;test02
patch14-Math-85-3sfix.patch,Math,85,ASE15_Evosuite,1,2,;test0;test1
patch14-Math-85-3sfix.patch,Math,85,ASE15_Evosuite,2,2,;test01;test02
patch14-Math-85-3sfix.patch,Math,85,ASE15_Evosuite,3,2,;test0;test1
patch14-Math-85-3sfix.patch,Math,85,ASE15_Evosuite,4,1,;test01
patch14-Math-85-3sfix.patch,Math,85,ASE15_Evosuite,5,3,;test01;test02;test03
patch14-Math-85-3sfix.patch,Math,85,ASE15_Evosuite,6,2,;test1;test3
patch14-Math-85-3sfix.patch,Math,85,ASE15_Evosuite,7,2,;test1;test3
patch14-Math-85-3sfix.patch,Math,85,ASE15_Evosuite,8,2,;test00;test01
patch14-Math-85-3sfix.patch,Math,85,ASE15_Evosuite,9,2,;test1;test2
patch17-Math-85-3sfix.patch,Math,85,ASE15_Evosuite,0,0,
patch17-Math-85-3sfix.patch,Math,85,ASE15_Evosuite,1,0,
patch17-Math-85-3sfix.patch,Math,85,ASE15_Evosuite,2,1,;test01
patch17-Math-85-3sfix.patch,Math,85,ASE15_Evosuite,3,0,
patch17-Math-85-3sfix.patch,Math,85,ASE15_Evosuite,4,0,
patch17-Math-85-3sfix.patch,Math,85,ASE15_Evosuite,5,0,
patch17-Math-85-3sfix.patch,Math,85,ASE15_Evosuite,6,0,
patch17-Math-85-3sfix.patch,Math,85,ASE15_Evosuite,7,0,
patch17-Math-85-3sfix.patch,Math,85,ASE15_Evosuite,8,0,
patch17-Math-85-3sfix.patch,Math,85,ASE15_Evosuite,9,0,
patch1-Math-59-3sfix.patch,Math,59,ASE15_Evosuite,0,0,
patch1-Math-59-3sfix.patch,Math,59,ASE15_Evosuite,1,0,
patch1-Math-59-3sfix.patch,Math,59,ASE15_Evosuite,2,0,
patch1-Math-59-3sfix.patch,Math,59,ASE15_Evosuite,3,0,
patch1-Math-59-3sfix.patch,Math,59,ASE15_Evosuite,4,0,
patch1-Math-59-3sfix.patch,Math,59,ASE15_Evosuite,5,0,
patch1-Math-59-3sfix.patch,Math,59,ASE15_Evosuite,6,0,
patch1-Math-59-3sfix.patch,Math,59,ASE15_Evosuite,7,0,
patch1-Math-59-3sfix.patch,Math,59,ASE15_Evosuite,8,0,
patch1-Math-59-3sfix.patch,Math,59,ASE15_Evosuite,9,0,
patch3-Math-82-3sfix.patch,Math,82,ASE15_Evosuite,0,0,
patch3-Math-82-3sfix.patch,Math,82,ASE15_Evosuite,1,0,
patch3-Math-82-3sfix.patch,Math,82,ASE15_Evosuite,2,0,
patch3-Math-82-3sfix.patch,Math,82,ASE15_Evosuite,3,0,
patch3-Math-82-3sfix.patch,Math,82,ASE15_Evosuite,4,0,
patch3-Math-82-3sfix.patch,Math,82,ASE15_Evosuite,5,0,
patch3-Math-82-3sfix.patch,Math,82,ASE15_Evosuite,6,0,
patch3-Math-82-3sfix.patch,Math,82,ASE15_Evosuite,7,0,
patch3-Math-82-3sfix.patch,Math,82,ASE15_Evosuite,8,0,
patch3-Math-82-3sfix.patch,Math,82,ASE15_Evosuite,9,0,
patch8-Math-85-3sfix.patch,Math,85,ASE15_Evosuite,0,2,;test01;test02
patch8-Math-85-3sfix.patch,Math,85,ASE15_Evosuite,1,0,
patch8-Math-85-3sfix.patch,Math,85,ASE15_Evosuite,2,2,;test01;test02
patch8-Math-85-3sfix.patch,Math,85,ASE15_Evosuite,3,1,;test0
patch8-Math-85-3sfix.patch,Math,85,ASE15_Evosuite,4,0,
patch8-Math-85-3sfix.patch,Math,85,ASE15_Evosuite,5,0,
patch8-Math-85-3sfix.patch,Math,85,ASE15_Evosuite,6,2,;test1;test3
patch8-Math-85-3sfix.patch,Math,85,ASE15_Evosuite,7,2,;test1;test3
patch8-Math-85-3sfix.patch,Math,85,ASE15_Evosuite,8,0,
patch8-Math-85-3sfix.patch,Math,85,ASE15_Evosuite,9,2,;test1;test2
patch4-Math-85-3sfix.patch,Math,85,ASE15_Evosuite,0,0,
patch4-Math-85-3sfix.patch,Math,85,ASE15_Evosuite,1,0,
patch4-Math-85-3sfix.patch,Math,85,ASE15_Evosuite,2,1,;test01
patch4-Math-85-3sfix.patch,Math,85,ASE15_Evosuite,3,0,
patch4-Math-85-3sfix.patch,Math,85,ASE15_Evosuite,4,0,
patch4-Math-85-3sfix.patch,Math,85,ASE15_Evosuite,5,0,
patch4-Math-85-3sfix.patch,Math,85,ASE15_Evosuite,6,0,
patch4-Math-85-3sfix.patch,Math,85,ASE15_Evosuite,7,0,
patch4-Math-85-3sfix.patch,Math,85,ASE15_Evosuite,8,0,
patch4-Math-85-3sfix.patch,Math,85,ASE15_Evosuite,9,1,;test2
patch1-Lang-6-3sfix.patch,Lang,6,ASE15_Evosuite,0,0,
patch1-Lang-6-3sfix.patch,Lang,6,ASE15_Evosuite,1,0,
patch1-Lang-6-3sfix.patch,Lang,6,ASE15_Evosuite,3,0,
patch1-Lang-6-3sfix.patch,Lang,6,ASE15_Evosuite,5,0,
patch1-Lang-6-3sfix.patch,Lang,6,ASE15_Evosuite,6,0,
patch1-Lang-6-3sfix.patch,Lang,6,ASE15_Evosuite,7,0,
patch1-Lang-6-3sfix.patch,Lang,6,ASE15_Evosuite,9,0,
patch2-Lang-6-3sfix.patch,Lang,6,ASE15_Evosuite,0,0,
patch2-Lang-6-3sfix.patch,Lang,6,ASE15_Evosuite,1,0,
patch2-Lang-6-3sfix.patch,Lang,6,ASE15_Evosuite,3,0,
patch2-Lang-6-3sfix.patch,Lang,6,ASE15_Evosuite,5,0,
patch2-Lang-6-3sfix.patch,Lang,6,ASE15_Evosuite,6,0,
patch2-Lang-6-3sfix.patch,Lang,6,ASE15_Evosuite,7,0,
patch2-Lang-6-3sfix.patch,Lang,6,ASE15_Evosuite,9,0,
patch1-Lang-59-3sfix.patch,Lang,59,ASE15_Evosuite,0,0,
patch1-Lang-59-3sfix.patch,Lang,59,ASE15_Evosuite,1,0,
patch1-Lang-59-3sfix.patch,Lang,59,ASE15_Evosuite,3,0,
patch1-Lang-59-3sfix.patch,Lang,59,ASE15_Evosuite,5,0,
patch1-Lang-59-3sfix.patch,Lang,59,ASE15_Evosuite,6,0,
patch1-Lang-59-3sfix.patch,Lang,59,ASE15_Evosuite,7,0,
patch1-Lang-59-3sfix.patch,Lang,59,ASE15_Evosuite,9,0,
patch1-Chart-1-3sfix.patch,Chart,1,ASE15_Evosuite,0,0,
patch1-Chart-1-3sfix.patch,Chart,1,ASE15_Evosuite,1,0,
patch1-Chart-1-3sfix.patch,Chart,1,ASE15_Evosuite,2,0,
patch1-Chart-1-3sfix.patch,Chart,1,ASE15_Evosuite,3,0,
patch1-Chart-1-3sfix.patch,Chart,1,ASE15_Evosuite,4,0,
patch1-Chart-1-3sfix.patch,Chart,1,ASE15_Evosuite,5,0,
patch1-Chart-1-3sfix.patch,Chart,1,ASE15_Evosuite,6,0,
patch1-Chart-1-3sfix.patch,Chart,1,ASE15_Evosuite,8,0,
patch1-Chart-1-3sfix.patch,Chart,1,ASE15_Evosuite,9,0,
patch2-Chart-1-3sfix.patch,Chart,1,ASE15_Evosuite,0,0,
patch2-Chart-1-3sfix.patch,Chart,1,ASE15_Evosuite,1,0,
patch2-Chart-1-3sfix.patch,Chart,1,ASE15_Evosuite,2,0,
patch2-Chart-1-3sfix.patch,Chart,1,ASE15_Evosuite,3,0,
patch2-Chart-1-3sfix.patch,Chart,1,ASE15_Evosuite,4,0,
patch2-Chart-1-3sfix.patch,Chart,1,ASE15_Evosuite,5,0,
patch2-Chart-1-3sfix.patch,Chart,1,ASE15_Evosuite,6,0,
patch2-Chart-1-3sfix.patch,Chart,1,ASE15_Evosuite,8,0,
patch2-Chart-1-3sfix.patch,Chart,1,ASE15_Evosuite,9,1,;test03
patch3-Chart-1-3sfix.patch,Chart,1,ASE15_Evosuite,0,0,
patch3-Chart-1-3sfix.patch,Chart,1,ASE15_Evosuite,1,0,
patch3-Chart-1-3sfix.patch,Chart,1,ASE15_Evosuite,2,0,
patch3-Chart-1-3sfix.patch,Chart,1,ASE15_Evosuite,3,0,
patch3-Chart-1-3sfix.patch,Chart,1,ASE15_Evosuite,4,0,
patch3-Chart-1-3sfix.patch,Chart,1,ASE15_Evosuite,5,0,
patch3-Chart-1-3sfix.patch,Chart,1,ASE15_Evosuite,6,0,
patch3-Chart-1-3sfix.patch,Chart,1,ASE15_Evosuite,8,0,
patch3-Chart-1-3sfix.patch,Chart,1,ASE15_Evosuite,9,1,;test03
patch4-Chart-1-3sfix.patch,Chart,1,ASE15_Evosuite,0,0,
patch4-Chart-1-3sfix.patch,Chart,1,ASE15_Evosuite,1,0,
patch4-Chart-1-3sfix.patch,Chart,1,ASE15_Evosuite,2,0,
patch4-Chart-1-3sfix.patch,Chart,1,ASE15_Evosuite,3,0,
patch4-Chart-1-3sfix.patch,Chart,1,ASE15_Evosuite,4,0,
patch4-Chart-1-3sfix.patch,Chart,1,ASE15_Evosuite,5,0,
patch4-Chart-1-3sfix.patch,Chart,1,ASE15_Evosuite,6,0,
patch4-Chart-1-3sfix.patch,Chart,1,ASE15_Evosuite,8,0,
patch4-Chart-1-3sfix.patch,Chart,1,ASE15_Evosuite,9,1,;test03
patch1-Closure-123-3sfix.patch,Closure,123,ASE15_Evosuite,0,0,
patch1-Closure-123-3sfix.patch,Closure,123,ASE15_Evosuite,1,0,
patch1-Closure-123-3sfix.patch,Closure,123,ASE15_Evosuite,2,0,
patch1-Closure-123-3sfix.patch,Closure,123,ASE15_Evosuite,3,0,
patch1-Closure-123-3sfix.patch,Closure,123,ASE15_Evosuite,4,0,
patch1-Closure-123-3sfix.patch,Closure,123,ASE15_Evosuite,5,0,
patch1-Closure-123-3sfix.patch,Closure,123,ASE15_Evosuite,6,0,
patch1-Closure-123-3sfix.patch,Closure,123,ASE15_Evosuite,7,0,
patch1-Closure-123-3sfix.patch,Closure,123,ASE15_Evosuite,8,0,
patch1-Closure-123-3sfix.patch,Closure,123,ASE15_Evosuite,9,0,
patch1-Closure-18-3sfix.patch,Closure,18,ASE15_Evosuite,0,0,
patch1-Closure-18-3sfix.patch,Closure,18,ASE15_Evosuite,1,0,
patch1-Closure-18-3sfix.patch,Closure,18,ASE15_Evosuite,2,0,
patch1-Closure-18-3sfix.patch,Closure,18,ASE15_Evosuite,3,0,
patch1-Closure-18-3sfix.patch,Closure,18,ASE15_Evosuite,4,0,
patch1-Closure-18-3sfix.patch,Closure,18,ASE15_Evosuite,5,0,
patch1-Closure-18-3sfix.patch,Closure,18,ASE15_Evosuite,6,0,
patch1-Closure-18-3sfix.patch,Closure,18,ASE15_Evosuite,7,0,
patch1-Closure-18-3sfix.patch,Closure,18,ASE15_Evosuite,8,0,
patch1-Closure-18-3sfix.patch,Closure,18,ASE15_Evosuite,9,0,
patch2-Closure-18-3sfix.patch,Closure,18,ASE15_Evosuite,0,0,
patch2-Closure-18-3sfix.patch,Closure,18,ASE15_Evosuite,1,0,
patch2-Closure-18-3sfix.patch,Closure,18,ASE15_Evosuite,2,0,
patch2-Closure-18-3sfix.patch,Closure,18,ASE15_Evosuite,3,0,
patch2-Closure-18-3sfix.patch,Closure,18,ASE15_Evosuite,4,0,
patch2-Closure-18-3sfix.patch,Closure,18,ASE15_Evosuite,5,0,
patch2-Closure-18-3sfix.patch,Closure,18,ASE15_Evosuite,6,0,
patch2-Closure-18-3sfix.patch,Closure,18,ASE15_Evosuite,7,0,
patch2-Closure-18-3sfix.patch,Closure,18,ASE15_Evosuite,8,0,
patch2-Closure-18-3sfix.patch,Closure,18,ASE15_Evosuite,9,0,
patch3-Closure-18-3sfix.patch,Closure,18,ASE15_Evosuite,0,0,
patch3-Closure-18-3sfix.patch,Closure,18,ASE15_Evosuite,1,0,
patch3-Closure-18-3sfix.patch,Closure,18,ASE15_Evosuite,2,0,
patch3-Closure-18-3sfix.patch,Closure,18,ASE15_Evosuite,3,0,
patch3-Closure-18-3sfix.patch,Closure,18,ASE15_Evosuite,4,0,
patch3-Closure-18-3sfix.patch,Closure,18,ASE15_Evosuite,5,0,
patch3-Closure-18-3sfix.patch,Closure,18,ASE15_Evosuite,6,0,
patch3-Closure-18-3sfix.patch,Closure,18,ASE15_Evosuite,7,0,
patch3-Closure-18-3sfix.patch,Closure,18,ASE15_Evosuite,8,0,
patch3-Closure-18-3sfix.patch,Closure,18,ASE15_Evosuite,9,0,
patch4-Closure-18-3sfix.patch,Closure,18,ASE15_Evosuite,0,0,
patch4-Closure-18-3sfix.patch,Closure,18,ASE15_Evosuite,1,0,
patch4-Closure-18-3sfix.patch,Closure,18,ASE15_Evosuite,2,0,
patch4-Closure-18-3sfix.patch,Closure,18,ASE15_Evosuite,3,0,
patch4-Closure-18-3sfix.patch,Closure,18,ASE15_Evosuite,4,0,
patch4-Closure-18-3sfix.patch,Closure,18,ASE15_Evosuite,5,0,
patch4-Closure-18-3sfix.patch,Closure,18,ASE15_Evosuite,6,0,
patch4-Closure-18-3sfix.patch,Closure,18,ASE15_Evosuite,7,0,
patch4-Closure-18-3sfix.patch,Closure,18,ASE15_Evosuite,8,0,
patch4-Closure-18-3sfix.patch,Closure,18,ASE15_Evosuite,9,0,
patch1-Closure-38-3sfix.patch,Closure,38,ASE15_Evosuite,0,0,
patch1-Closure-38-3sfix.patch,Closure,38,ASE15_Evosuite,1,0,
patch1-Closure-38-3sfix.patch,Closure,38,ASE15_Evosuite,2,0,
patch1-Closure-38-3sfix.patch,Closure,38,ASE15_Evosuite,3,0,
patch1-Closure-38-3sfix.patch,Closure,38,ASE15_Evosuite,4,0,
patch1-Closure-38-3sfix.patch,Closure,38,ASE15_Evosuite,5,0,
patch1-Closure-38-3sfix.patch,Closure,38,ASE15_Evosuite,6,0,
patch1-Closure-38-3sfix.patch,Closure,38,ASE15_Evosuite,7,0,
patch1-Closure-38-3sfix.patch,Closure,38,ASE15_Evosuite,8,0,
patch1-Closure-38-3sfix.patch,Closure,38,ASE15_Evosuite,9,0,
patch2-Closure-38-3sfix.patch,Closure,38,ASE15_Evosuite,0,0,
patch2-Closure-38-3sfix.patch,Closure,38,ASE15_Evosuite,1,0,
patch2-Closure-38-3sfix.patch,Closure,38,ASE15_Evosuite,2,0,
patch2-Closure-38-3sfix.patch,Closure,38,ASE15_Evosuite,3,0,
patch2-Closure-38-3sfix.patch,Closure,38,ASE15_Evosuite,4,0,
patch2-Closure-38-3sfix.patch,Closure,38,ASE15_Evosuite,5,0,
patch2-Closure-38-3sfix.patch,Closure,38,ASE15_Evosuite,6,0,
patch2-Closure-38-3sfix.patch,Closure,38,ASE15_Evosuite,7,0,
patch2-Closure-38-3sfix.patch,Closure,38,ASE15_Evosuite,8,0,
patch2-Closure-38-3sfix.patch,Closure,38,ASE15_Evosuite,9,0,
patch3-Closure-38-3sfix.patch,Closure,38,ASE15_Evosuite,0,0,
patch3-Closure-38-3sfix.patch,Closure,38,ASE15_Evosuite,1,0,
patch3-Closure-38-3sfix.patch,Closure,38,ASE15_Evosuite,2,0,
patch3-Closure-38-3sfix.patch,Closure,38,ASE15_Evosuite,3,0,
patch3-Closure-38-3sfix.patch,Closure,38,ASE15_Evosuite,4,0,
patch3-Closure-38-3sfix.patch,Closure,38,ASE15_Evosuite,5,0,
patch3-Closure-38-3sfix.patch,Closure,38,ASE15_Evosuite,6,0,
patch3-Closure-38-3sfix.patch,Closure,38,ASE15_Evosuite,7,0,
patch3-Closure-38-3sfix.patch,Closure,38,ASE15_Evosuite,8,0,
patch3-Closure-38-3sfix.patch,Closure,38,ASE15_Evosuite,9,0,
patch1-Closure-73-3sfix.patch,Closure,73,ASE15_Evosuite,0,0,
patch1-Closure-73-3sfix.patch,Closure,73,ASE15_Evosuite,1,0,
patch1-Closure-73-3sfix.patch,Closure,73,ASE15_Evosuite,2,0,
patch1-Closure-73-3sfix.patch,Closure,73,ASE15_Evosuite,3,0,
patch1-Closure-73-3sfix.patch,Closure,73,ASE15_Evosuite,4,0,
patch1-Closure-73-3sfix.patch,Closure,73,ASE15_Evosuite,5,0,
patch1-Closure-73-3sfix.patch,Closure,73,ASE15_Evosuite,6,0,
patch1-Closure-73-3sfix.patch,Closure,73,ASE15_Evosuite,7,0,
patch1-Closure-73-3sfix.patch,Closure,73,ASE15_Evosuite,8,0,
patch1-Closure-73-3sfix.patch,Closure,73,ASE15_Evosuite,9,0,
patch2-Closure-73-3sfix.patch,Closure,73,ASE15_Evosuite,0,0,
patch2-Closure-73-3sfix.patch,Closure,73,ASE15_Evosuite,1,0,
patch2-Closure-73-3sfix.patch,Closure,73,ASE15_Evosuite,2,0,
patch2-Closure-73-3sfix.patch,Closure,73,ASE15_Evosuite,3,0,
patch2-Closure-73-3sfix.patch,Closure,73,ASE15_Evosuite,4,0,
patch2-Closure-73-3sfix.patch,Closure,73,ASE15_Evosuite,5,0,
patch2-Closure-73-3sfix.patch,Closure,73,ASE15_Evosuite,6,0,
patch2-Closure-73-3sfix.patch,Closure,73,ASE15_Evosuite,7,0,
patch2-Closure-73-3sfix.patch,Closure,73,ASE15_Evosuite,8,0,
patch2-Closure-73-3sfix.patch,Closure,73,ASE15_Evosuite,9,0,
patch3-Closure-73-3sfix.patch,Closure,73,ASE15_Evosuite,0,0,
patch3-Closure-73-3sfix.patch,Closure,73,ASE15_Evosuite,1,0,
patch3-Closure-73-3sfix.patch,Closure,73,ASE15_Evosuite,2,0,
patch3-Closure-73-3sfix.patch,Closure,73,ASE15_Evosuite,3,0,
patch3-Closure-73-3sfix.patch,Closure,73,ASE15_Evosuite,4,0,
patch3-Closure-73-3sfix.patch,Closure,73,ASE15_Evosuite,5,0,
patch3-Closure-73-3sfix.patch,Closure,73,ASE15_Evosuite,6,0,
patch3-Closure-73-3sfix.patch,Closure,73,ASE15_Evosuite,7,0,
patch3-Closure-73-3sfix.patch,Closure,73,ASE15_Evosuite,8,0,
patch3-Closure-73-3sfix.patch,Closure,73,ASE15_Evosuite,9,0,
patch1-Closure-92-3sfix.patch,Closure,92,ASE15_Evosuite,0,0,
patch1-Closure-92-3sfix.patch,Closure,92,ASE15_Evosuite,1,0,
patch1-Closure-92-3sfix.patch,Closure,92,ASE15_Evosuite,2,0,
patch1-Closure-92-3sfix.patch,Closure,92,ASE15_Evosuite,3,0,
patch1-Closure-92-3sfix.patch,Closure,92,ASE15_Evosuite,4,0,
patch1-Closure-92-3sfix.patch,Closure,92,ASE15_Evosuite,5,0,
patch1-Closure-92-3sfix.patch,Closure,92,ASE15_Evosuite,6,0,
patch1-Closure-92-3sfix.patch,Closure,92,ASE15_Evosuite,7,0,
patch1-Closure-92-3sfix.patch,Closure,92,ASE15_Evosuite,8,0,
patch1-Closure-92-3sfix.patch,Closure,92,ASE15_Evosuite,9,0,
patch2-Closure-92-3sfix.patch,Closure,92,ASE15_Evosuite,0,0,
patch2-Closure-92-3sfix.patch,Closure,92,ASE15_Evosuite,1,0,
patch2-Closure-92-3sfix.patch,Closure,92,ASE15_Evosuite,2,0,
patch2-Closure-92-3sfix.patch,Closure,92,ASE15_Evosuite,3,0,
patch2-Closure-92-3sfix.patch,Closure,92,ASE15_Evosuite,4,0,
patch2-Closure-92-3sfix.patch,Closure,92,ASE15_Evosuite,5,0,
patch2-Closure-92-3sfix.patch,Closure,92,ASE15_Evosuite,6,0,
patch2-Closure-92-3sfix.patch,Closure,92,ASE15_Evosuite,7,0,
patch2-Closure-92-3sfix.patch,Closure,92,ASE15_Evosuite,8,0,
patch2-Closure-92-3sfix.patch,Closure,92,ASE15_Evosuite,9,0,
patch3-Closure-92-3sfix.patch,Closure,92,ASE15_Evosuite,0,0,
patch3-Closure-92-3sfix.patch,Closure,92,ASE15_Evosuite,1,0,
patch3-Closure-92-3sfix.patch,Closure,92,ASE15_Evosuite,2,0,
patch3-Closure-92-3sfix.patch,Closure,92,ASE15_Evosuite,3,0,
patch3-Closure-92-3sfix.patch,Closure,92,ASE15_Evosuite,4,0,
patch3-Closure-92-3sfix.patch,Closure,92,ASE15_Evosuite,5,0,
patch3-Closure-92-3sfix.patch,Closure,92,ASE15_Evosuite,6,0,
patch3-Closure-92-3sfix.patch,Closure,92,ASE15_Evosuite,7,0,
patch3-Closure-92-3sfix.patch,Closure,92,ASE15_Evosuite,8,0,
patch3-Closure-92-3sfix.patch,Closure,92,ASE15_Evosuite,9,0,
patch4-Closure-92-3sfix.patch,Closure,92,ASE15_Evosuite,0,0,
patch4-Closure-92-3sfix.patch,Closure,92,ASE15_Evosuite,1,0,
patch4-Closure-92-3sfix.patch,Closure,92,ASE15_Evosuite,2,0,
patch4-Closure-92-3sfix.patch,Closure,92,ASE15_Evosuite,3,0,
patch4-Closure-92-3sfix.patch,Closure,92,ASE15_Evosuite,4,0,
patch4-Closure-92-3sfix.patch,Closure,92,ASE15_Evosuite,5,0,
patch4-Closure-92-3sfix.patch,Closure,92,ASE15_Evosuite,6,0,
patch4-Closure-92-3sfix.patch,Closure,92,ASE15_Evosuite,7,0,
patch4-Closure-92-3sfix.patch,Closure,92,ASE15_Evosuite,8,0,
patch4-Closure-92-3sfix.patch,Closure,92,ASE15_Evosuite,9,0,
patch2-Chart-1-3sfix.patch,Chart,1,ASE15_Randoop,1,0,
patch2-Chart-1-3sfix.patch,Chart,1,ASE15_Randoop,2,0,
patch2-Chart-1-3sfix.patch,Chart,1,ASE15_Randoop,3,1,;test426
patch2-Chart-1-3sfix.patch,Chart,1,ASE15_Randoop,4,3,;test247;test100;test339
patch2-Chart-1-3sfix.patch,Chart,1,ASE15_Randoop,5,0,
patch2-Chart-1-3sfix.patch,Chart,1,ASE15_Randoop,6,0,
patch2-Chart-1-3sfix.patch,Chart,1,ASE15_Randoop,7,0,
patch2-Chart-1-3sfix.patch,Chart,1,ASE15_Randoop,8,2,;test174;test77
patch2-Chart-1-3sfix.patch,Chart,1,ASE15_Randoop,9,0,
patch2-Chart-1-3sfix.patch,Chart,1,ASE15_Randoop,10,3,;test490;test166;test182
patch3-Chart-1-3sfix.patch,Chart,1,ASE15_Randoop,1,0,
patch3-Chart-1-3sfix.patch,Chart,1,ASE15_Randoop,2,0,
patch3-Chart-1-3sfix.patch,Chart,1,ASE15_Randoop,3,1,;test426
patch3-Chart-1-3sfix.patch,Chart,1,ASE15_Randoop,4,3,;test247;test100;test339
patch3-Chart-1-3sfix.patch,Chart,1,ASE15_Randoop,5,0,
patch3-Chart-1-3sfix.patch,Chart,1,ASE15_Randoop,6,0,
patch3-Chart-1-3sfix.patch,Chart,1,ASE15_Randoop,7,0,
patch3-Chart-1-3sfix.patch,Chart,1,ASE15_Randoop,8,2,;test174;test77
patch3-Chart-1-3sfix.patch,Chart,1,ASE15_Randoop,9,0,
patch3-Chart-1-3sfix.patch,Chart,1,ASE15_Randoop,10,3,;test490;test166;test182
patch4-Chart-1-3sfix.patch,Chart,1,ASE15_Randoop,1,0,
patch4-Chart-1-3sfix.patch,Chart,1,ASE15_Randoop,2,0,
patch4-Chart-1-3sfix.patch,Chart,1,ASE15_Randoop,3,1,;test426
patch4-Chart-1-3sfix.patch,Chart,1,ASE15_Randoop,4,3,;test247;test100;test339
patch4-Chart-1-3sfix.patch,Chart,1,ASE15_Randoop,5,0,
patch4-Chart-1-3sfix.patch,Chart,1,ASE15_Randoop,6,0,
patch4-Chart-1-3sfix.patch,Chart,1,ASE15_Randoop,7,0,
patch4-Chart-1-3sfix.patch,Chart,1,ASE15_Randoop,8,2,;test174;test77
patch4-Chart-1-3sfix.patch,Chart,1,ASE15_Randoop,9,0,
patch4-Chart-1-3sfix.patch,Chart,1,ASE15_Randoop,10,3,;test490;test166;test182
patch1-Lang-6-3sfix.patch,Lang,6,ASE15_Randoop,1,0,
patch1-Lang-6-3sfix.patch,Lang,6,ASE15_Randoop,2,0,
patch1-Lang-6-3sfix.patch,Lang,6,ASE15_Randoop,3,0,
patch1-Lang-6-3sfix.patch,Lang,6,ASE15_Randoop,4,0,
patch1-Lang-6-3sfix.patch,Lang,6,ASE15_Randoop,5,0,
patch1-Lang-6-3sfix.patch,Lang,6,ASE15_Randoop,6,0,
patch1-Lang-6-3sfix.patch,Lang,6,ASE15_Randoop,7,0,
patch1-Lang-6-3sfix.patch,Lang,6,ASE15_Randoop,8,0,
patch1-Lang-6-3sfix.patch,Lang,6,ASE15_Randoop,9,0,
patch1-Lang-6-3sfix.patch,Lang,6,ASE15_Randoop,10,0,
patch2-Lang-6-3sfix.patch,Lang,6,ASE15_Randoop,1,0,
patch2-Lang-6-3sfix.patch,Lang,6,ASE15_Randoop,2,0,
patch2-Lang-6-3sfix.patch,Lang,6,ASE15_Randoop,3,0,
patch2-Lang-6-3sfix.patch,Lang,6,ASE15_Randoop,4,0,
patch2-Lang-6-3sfix.patch,Lang,6,ASE15_Randoop,5,0,
patch2-Lang-6-3sfix.patch,Lang,6,ASE15_Randoop,6,0,
patch2-Lang-6-3sfix.patch,Lang,6,ASE15_Randoop,7,0,
patch2-Lang-6-3sfix.patch,Lang,6,ASE15_Randoop,8,0,
patch2-Lang-6-3sfix.patch,Lang,6,ASE15_Randoop,9,0,
patch2-Lang-6-3sfix.patch,Lang,6,ASE15_Randoop,10,0,
patch1-Math-5-3sfix.patch,Math,5,ASE15_Randoop,1,0,
patch1-Math-5-3sfix.patch,Math,5,ASE15_Randoop,2,0,
patch1-Math-5-3sfix.patch,Math,5,ASE15_Randoop,3,0,
patch1-Math-5-3sfix.patch,Math,5,ASE15_Randoop,4,0,
patch1-Math-5-3sfix.patch,Math,5,ASE15_Randoop,5,0,
patch1-Math-5-3sfix.patch,Math,5,ASE15_Randoop,6,0,
patch1-Math-5-3sfix.patch,Math,5,ASE15_Randoop,7,0,
patch1-Math-5-3sfix.patch,Math,5,ASE15_Randoop,8,0,
patch1-Math-5-3sfix.patch,Math,5,ASE15_Randoop,9,0,
patch1-Math-5-3sfix.patch,Math,5,ASE15_Randoop,10,0,
patch1-Math-58-3sfix.patch,Math,58,ASE15_Randoop,1,0,
patch1-Math-58-3sfix.patch,Math,58,ASE15_Randoop,2,0,
patch1-Math-58-3sfix.patch,Math,58,ASE15_Randoop,3,0,
patch1-Math-58-3sfix.patch,Math,58,ASE15_Randoop,4,0,
patch1-Math-58-3sfix.patch,Math,58,ASE15_Randoop,5,0,
patch1-Math-58-3sfix.patch,Math,58,ASE15_Randoop,6,0,
patch1-Math-58-3sfix.patch,Math,58,ASE15_Randoop,7,0,
patch1-Math-58-3sfix.patch,Math,58,ASE15_Randoop,8,0,
patch1-Math-58-3sfix.patch,Math,58,ASE15_Randoop,9,0,
patch1-Math-58-3sfix.patch,Math,58,ASE15_Randoop,10,0,
patch1-Math-59-3sfix.patch,Math,59,ASE15_Randoop,1,0,
patch1-Math-59-3sfix.patch,Math,59,ASE15_Randoop,2,0,
patch1-Math-59-3sfix.patch,Math,59,ASE15_Randoop,3,0,
patch1-Math-59-3sfix.patch,Math,59,ASE15_Randoop,4,0,
patch1-Math-59-3sfix.patch,Math,59,ASE15_Randoop,5,0,
patch1-Math-59-3sfix.patch,Math,59,ASE15_Randoop,6,0,
patch1-Math-59-3sfix.patch,Math,59,ASE15_Randoop,7,0,
patch1-Math-59-3sfix.patch,Math,59,ASE15_Randoop,8,0,
patch1-Math-59-3sfix.patch,Math,59,ASE15_Randoop,9,0,
patch1-Math-59-3sfix.patch,Math,59,ASE15_Randoop,10,0,
patch1-Math-63-3sfix.patch,Math,63,ASE15_Randoop,1,0,
patch1-Math-63-3sfix.patch,Math,63,ASE15_Randoop,2,0,
patch1-Math-63-3sfix.patch,Math,63,ASE15_Randoop,3,0,
patch1-Math-63-3sfix.patch,Math,63,ASE15_Randoop,4,0,
patch1-Math-63-3sfix.patch,Math,63,ASE15_Randoop,5,0,
patch1-Math-63-3sfix.patch,Math,63,ASE15_Randoop,6,0,
patch1-Math-63-3sfix.patch,Math,63,ASE15_Randoop,7,0,
patch1-Math-63-3sfix.patch,Math,63,ASE15_Randoop,8,0,
patch1-Math-63-3sfix.patch,Math,63,ASE15_Randoop,9,0,
patch1-Math-63-3sfix.patch,Math,63,ASE15_Randoop,10,0,
patch1-Math-80-3sfix.patch,Math,80,ASE15_Randoop,1,0,
patch1-Math-80-3sfix.patch,Math,80,ASE15_Randoop,2,0,
patch1-Math-80-3sfix.patch,Math,80,ASE15_Randoop,3,0,
patch1-Math-80-3sfix.patch,Math,80,ASE15_Randoop,4,0,
patch1-Math-80-3sfix.patch,Math,80,ASE15_Randoop,5,0,
patch1-Math-80-3sfix.patch,Math,80,ASE15_Randoop,6,0,
patch1-Math-80-3sfix.patch,Math,80,ASE15_Randoop,7,0,
patch1-Math-80-3sfix.patch,Math,80,ASE15_Randoop,8,0,
patch1-Math-80-3sfix.patch,Math,80,ASE15_Randoop,9,0,
patch1-Math-80-3sfix.patch,Math,80,ASE15_Randoop,10,0,
patch1-Math-59-3sfix.patch,Math,59,ASE15_Randoop,1,0,
patch1-Math-59-3sfix.patch,Math,59,ASE15_Randoop,2,0,
patch1-Math-59-3sfix.patch,Math,59,ASE15_Randoop,3,0,
patch1-Math-59-3sfix.patch,Math,59,ASE15_Randoop,4,0,
patch1-Math-59-3sfix.patch,Math,59,ASE15_Randoop,5,0,
patch1-Math-59-3sfix.patch,Math,59,ASE15_Randoop,6,0,
patch1-Math-59-3sfix.patch,Math,59,ASE15_Randoop,7,0,
patch1-Math-59-3sfix.patch,Math,59,ASE15_Randoop,8,0,
patch1-Math-59-3sfix.patch,Math,59,ASE15_Randoop,9,0,
patch1-Math-59-3sfix.patch,Math,59,ASE15_Randoop,10,0,
patch1-Math-63-3sfix.patch,Math,63,ASE15_Randoop,1,0,
patch1-Math-63-3sfix.patch,Math,63,ASE15_Randoop,2,0,
patch1-Math-63-3sfix.patch,Math,63,ASE15_Randoop,3,0,
patch1-Math-63-3sfix.patch,Math,63,ASE15_Randoop,4,0,
patch1-Math-63-3sfix.patch,Math,63,ASE15_Randoop,5,0,
patch1-Math-63-3sfix.patch,Math,63,ASE15_Randoop,6,0,
patch1-Math-63-3sfix.patch,Math,63,ASE15_Randoop,7,0,
patch1-Math-63-3sfix.patch,Math,63,ASE15_Randoop,8,0,
patch1-Math-63-3sfix.patch,Math,63,ASE15_Randoop,9,0,
patch1-Math-63-3sfix.patch,Math,63,ASE15_Randoop,10,0,
patch1-Math-80-3sfix.patch,Math,80,ASE15_Randoop,1,0,
patch1-Math-80-3sfix.patch,Math,80,ASE15_Randoop,2,0,
patch1-Math-80-3sfix.patch,Math,80,ASE15_Randoop,3,0,
patch1-Math-80-3sfix.patch,Math,80,ASE15_Randoop,4,0,
patch1-Math-80-3sfix.patch,Math,80,ASE15_Randoop,5,0,
patch1-Math-80-3sfix.patch,Math,80,ASE15_Randoop,6,0,
patch1-Math-80-3sfix.patch,Math,80,ASE15_Randoop,7,0,
patch1-Math-80-3sfix.patch,Math,80,ASE15_Randoop,8,0,
patch1-Math-80-3sfix.patch,Math,80,ASE15_Randoop,9,0,
patch1-Math-80-3sfix.patch,Math,80,ASE15_Randoop,10,0,
patch1-Math-82-3sfix.patch,Math,82,ASE15_Randoop,1,0,
patch1-Math-82-3sfix.patch,Math,82,ASE15_Randoop,2,0,
patch1-Math-82-3sfix.patch,Math,82,ASE15_Randoop,3,0,
patch1-Math-82-3sfix.patch,Math,82,ASE15_Randoop,4,0,
patch1-Math-82-3sfix.patch,Math,82,ASE15_Randoop,5,0,
patch1-Math-82-3sfix.patch,Math,82,ASE15_Randoop,6,0,
patch1-Math-82-3sfix.patch,Math,82,ASE15_Randoop,7,0,
patch1-Math-82-3sfix.patch,Math,82,ASE15_Randoop,8,0,
patch1-Math-82-3sfix.patch,Math,82,ASE15_Randoop,9,0,
patch1-Math-82-3sfix.patch,Math,82,ASE15_Randoop,10,0,
patch1-Math-85-3sfix.patch,Math,85,ASE15_Randoop,1,0,
patch1-Math-85-3sfix.patch,Math,85,ASE15_Randoop,2,0,
patch1-Math-85-3sfix.patch,Math,85,ASE15_Randoop,3,0,
patch1-Math-85-3sfix.patch,Math,85,ASE15_Randoop,4,0,
patch1-Math-85-3sfix.patch,Math,85,ASE15_Randoop,5,0,
patch1-Math-85-3sfix.patch,Math,85,ASE15_Randoop,6,0,
patch1-Math-85-3sfix.patch,Math,85,ASE15_Randoop,7,0,
patch1-Math-85-3sfix.patch,Math,85,ASE15_Randoop,8,0,
patch1-Math-85-3sfix.patch,Math,85,ASE15_Randoop,9,0,
patch1-Math-85-3sfix.patch,Math,85,ASE15_Randoop,10,0,
patch2-Math-85-3sfix.patch,Math,85,ASE15_Randoop,1,0,
patch2-Math-85-3sfix.patch,Math,85,ASE15_Randoop,2,0,
patch2-Math-85-3sfix.patch,Math,85,ASE15_Randoop,3,0,
patch2-Math-85-3sfix.patch,Math,85,ASE15_Randoop,4,0,
patch2-Math-85-3sfix.patch,Math,85,ASE15_Randoop,5,0,
patch2-Math-85-3sfix.patch,Math,85,ASE15_Randoop,6,0,
patch2-Math-85-3sfix.patch,Math,85,ASE15_Randoop,7,0,
patch2-Math-85-3sfix.patch,Math,85,ASE15_Randoop,8,0,
patch2-Math-85-3sfix.patch,Math,85,ASE15_Randoop,9,0,
patch2-Math-85-3sfix.patch,Math,85,ASE15_Randoop,10,0,
patch3-Math-85-3sfix.patch,Math,85,ASE15_Randoop,1,0,
patch3-Math-85-3sfix.patch,Math,85,ASE15_Randoop,2,0,
patch3-Math-85-3sfix.patch,Math,85,ASE15_Randoop,3,0,
patch3-Math-85-3sfix.patch,Math,85,ASE15_Randoop,4,0,
patch3-Math-85-3sfix.patch,Math,85,ASE15_Randoop,5,0,
patch3-Math-85-3sfix.patch,Math,85,ASE15_Randoop,6,0,
patch3-Math-85-3sfix.patch,Math,85,ASE15_Randoop,7,0,
patch3-Math-85-3sfix.patch,Math,85,ASE15_Randoop,8,0,
patch3-Math-85-3sfix.patch,Math,85,ASE15_Randoop,9,0,
patch3-Math-85-3sfix.patch,Math,85,ASE15_Randoop,10,0,
patch4-Math-85-3sfix.patch,Math,85,ASE15_Randoop,1,0,
patch4-Math-85-3sfix.patch,Math,85,ASE15_Randoop,2,0,
patch4-Math-85-3sfix.patch,Math,85,ASE15_Randoop,3,4,;test384;test100;test372;test340
patch4-Math-85-3sfix.patch,Math,85,ASE15_Randoop,4,3,;test100;test372;test340
patch4-Math-85-3sfix.patch,Math,85,ASE15_Randoop,5,0,
patch4-Math-85-3sfix.patch,Math,85,ASE15_Randoop,6,0,
patch4-Math-85-3sfix.patch,Math,85,ASE15_Randoop,7,0,
patch4-Math-85-3sfix.patch,Math,85,ASE15_Randoop,8,0,
patch4-Math-85-3sfix.patch,Math,85,ASE15_Randoop,9,0,
patch4-Math-85-3sfix.patch,Math,85,ASE15_Randoop,10,0,
patch5-Math-85-3sfix.patch,Math,85,ASE15_Randoop,1,0,
patch5-Math-85-3sfix.patch,Math,85,ASE15_Randoop,2,0,
patch5-Math-85-3sfix.patch,Math,85,ASE15_Randoop,3,0,
patch5-Math-85-3sfix.patch,Math,85,ASE15_Randoop,4,0,
patch5-Math-85-3sfix.patch,Math,85,ASE15_Randoop,5,0,
patch5-Math-85-3sfix.patch,Math,85,ASE15_Randoop,6,0,
patch5-Math-85-3sfix.patch,Math,85,ASE15_Randoop,7,0,
patch5-Math-85-3sfix.patch,Math,85,ASE15_Randoop,8,0,
patch5-Math-85-3sfix.patch,Math,85,ASE15_Randoop,9,0,
patch5-Math-85-3sfix.patch,Math,85,ASE15_Randoop,10,0,
patch6-Math-85-3sfix.patch,Math,85,ASE15_Randoop,1,0,
patch6-Math-85-3sfix.patch,Math,85,ASE15_Randoop,2,0,
patch6-Math-85-3sfix.patch,Math,85,ASE15_Randoop,3,0,
patch6-Math-85-3sfix.patch,Math,85,ASE15_Randoop,4,0,
patch6-Math-85-3sfix.patch,Math,85,ASE15_Randoop,5,0,
patch6-Math-85-3sfix.patch,Math,85,ASE15_Randoop,6,0,
patch6-Math-85-3sfix.patch,Math,85,ASE15_Randoop,7,0,
patch6-Math-85-3sfix.patch,Math,85,ASE15_Randoop,8,0,
patch6-Math-85-3sfix.patch,Math,85,ASE15_Randoop,9,0,
patch6-Math-85-3sfix.patch,Math,85,ASE15_Randoop,10,0,
patch1-Math-85-3sfix.patch,Math,85,EMSE18_Evosuite,0,0,
patch1-Math-85-3sfix.patch,Math,85,EMSE18_Evosuite,1,0,
patch1-Math-85-3sfix.patch,Math,85,EMSE18_Evosuite,2,0,
patch1-Math-85-3sfix.patch,Math,85,EMSE18_Evosuite,3,0,
patch1-Math-85-3sfix.patch,Math,85,EMSE18_Evosuite,4,0,
patch1-Math-85-3sfix.patch,Math,85,EMSE18_Evosuite,5,0,
patch1-Math-85-3sfix.patch,Math,85,EMSE18_Evosuite,6,0,
patch1-Math-85-3sfix.patch,Math,85,EMSE18_Evosuite,7,0,
patch1-Math-85-3sfix.patch,Math,85,EMSE18_Evosuite,8,0,
patch1-Math-85-3sfix.patch,Math,85,EMSE18_Evosuite,9,0,
patch1-Math-85-3sfix.patch,Math,85,EMSE18_Evosuite,10,0,
patch1-Math-85-3sfix.patch,Math,85,EMSE18_Evosuite,11,0,
patch1-Math-85-3sfix.patch,Math,85,EMSE18_Evosuite,12,0,
patch1-Math-85-3sfix.patch,Math,85,EMSE18_Evosuite,13,0,
patch1-Math-85-3sfix.patch,Math,85,EMSE18_Evosuite,14,0,
patch1-Math-85-3sfix.patch,Math,85,EMSE18_Evosuite,15,0,
patch1-Math-85-3sfix.patch,Math,85,EMSE18_Evosuite,16,0,
patch1-Math-85-3sfix.patch,Math,85,EMSE18_Evosuite,17,0,
patch1-Math-85-3sfix.patch,Math,85,EMSE18_Evosuite,18,0,
patch1-Math-85-3sfix.patch,Math,85,EMSE18_Evosuite,19,0,
patch1-Math-85-3sfix.patch,Math,85,EMSE18_Evosuite,20,0,
patch1-Math-85-3sfix.patch,Math,85,EMSE18_Evosuite,21,0,
patch1-Math-85-3sfix.patch,Math,85,EMSE18_Evosuite,22,0,
patch1-Math-85-3sfix.patch,Math,85,EMSE18_Evosuite,23,0,
patch1-Math-85-3sfix.patch,Math,85,EMSE18_Evosuite,24,0,
patch1-Math-85-3sfix.patch,Math,85,EMSE18_Evosuite,25,0,
patch1-Math-85-3sfix.patch,Math,85,EMSE18_Evosuite,26,0,
patch1-Math-85-3sfix.patch,Math,85,EMSE18_Evosuite,27,0,
patch1-Math-85-3sfix.patch,Math,85,EMSE18_Evosuite,28,0,
patch1-Math-85-3sfix.patch,Math,85,EMSE18_Evosuite,29,0,
patch2-Math-85-3sfix.patch,Math,85,EMSE18_Evosuite,0,0,
patch2-Math-85-3sfix.patch,Math,85,EMSE18_Evosuite,1,0,
patch2-Math-85-3sfix.patch,Math,85,EMSE18_Evosuite,2,0,
patch2-Math-85-3sfix.patch,Math,85,EMSE18_Evosuite,3,0,
patch2-Math-85-3sfix.patch,Math,85,EMSE18_Evosuite,4,0,
patch2-Math-85-3sfix.patch,Math,85,EMSE18_Evosuite,5,0,
patch2-Math-85-3sfix.patch,Math,85,EMSE18_Evosuite,6,0,
patch2-Math-85-3sfix.patch,Math,85,EMSE18_Evosuite,7,0,
patch2-Math-85-3sfix.patch,Math,85,EMSE18_Evosuite,8,0,
patch2-Math-85-3sfix.patch,Math,85,EMSE18_Evosuite,9,0,
patch2-Math-85-3sfix.patch,Math,85,EMSE18_Evosuite,10,0,
patch2-Math-85-3sfix.patch,Math,85,EMSE18_Evosuite,11,0,
patch2-Math-85-3sfix.patch,Math,85,EMSE18_Evosuite,12,0,
patch2-Math-85-3sfix.patch,Math,85,EMSE18_Evosuite,13,0,
patch2-Math-85-3sfix.patch,Math,85,EMSE18_Evosuite,14,0,
patch2-Math-85-3sfix.patch,Math,85,EMSE18_Evosuite,15,0,
patch2-Math-85-3sfix.patch,Math,85,EMSE18_Evosuite,16,0,
patch2-Math-85-3sfix.patch,Math,85,EMSE18_Evosuite,17,0,
patch2-Math-85-3sfix.patch,Math,85,EMSE18_Evosuite,18,0,
patch2-Math-85-3sfix.patch,Math,85,EMSE18_Evosuite,19,0,
patch2-Math-85-3sfix.patch,Math,85,EMSE18_Evosuite,20,0,
patch2-Math-85-3sfix.patch,Math,85,EMSE18_Evosuite,21,0,
patch2-Math-85-3sfix.patch,Math,85,EMSE18_Evosuite,22,0,
patch2-Math-85-3sfix.patch,Math,85,EMSE18_Evosuite,23,0,
patch2-Math-85-3sfix.patch,Math,85,EMSE18_Evosuite,24,0,
patch2-Math-85-3sfix.patch,Math,85,EMSE18_Evosuite,25,0,
patch2-Math-85-3sfix.patch,Math,85,EMSE18_Evosuite,26,0,
patch2-Math-85-3sfix.patch,Math,85,EMSE18_Evosuite,27,0,
patch2-Math-85-3sfix.patch,Math,85,EMSE18_Evosuite,28,0,
patch2-Math-85-3sfix.patch,Math,85,EMSE18_Evosuite,29,0,
patch2-Chart-1-3sfix.patch,Chart,1,EMSE18_Evosuite,0,0,
patch2-Chart-1-3sfix.patch,Chart,1,EMSE18_Evosuite,2,0,
patch2-Chart-1-3sfix.patch,Chart,1,EMSE18_Evosuite,3,0,
patch2-Chart-1-3sfix.patch,Chart,1,EMSE18_Evosuite,4,37,;test01;test12;test13;test14;test15;test16;test17;test18;test19;test20;test21;test22;test23;test25;test26;test30;test40;test42;test43;test44;test45;test48;test49;test54;test55;test60;test63;test64;test65;test66;test69;test77;test85;test90;test91;test98
patch2-Chart-1-3sfix.patch,Chart,1,EMSE18_Evosuite,5,,
patch2-Chart-1-3sfix.patch,Chart,1,EMSE18_Evosuite,6,,
patch2-Chart-1-3sfix.patch,Chart,1,EMSE18_Evosuite,8,,
patch2-Chart-1-3sfix.patch,Chart,1,EMSE18_Evosuite,9,,
patch2-Chart-1-3sfix.patch,Chart,1,EMSE18_Evosuite,10,,
patch2-Chart-1-3sfix.patch,Chart,1,EMSE18_Evosuite,11,,
patch2-Chart-1-3sfix.patch,Chart,1,EMSE18_Evosuite,12,,
patch2-Chart-1-3sfix.patch,Chart,1,EMSE18_Evosuite,13,,
patch2-Chart-1-3sfix.patch,Chart,1,EMSE18_Evosuite,14,,
patch2-Chart-1-3sfix.patch,Chart,1,EMSE18_Evosuite,15,,
patch2-Chart-1-3sfix.patch,Chart,1,EMSE18_Evosuite,16,,
patch2-Chart-1-3sfix.patch,Chart,1,EMSE18_Evosuite,18,,
patch2-Chart-1-3sfix.patch,Chart,1,EMSE18_Evosuite,19,,
patch2-Chart-1-3sfix.patch,Chart,1,EMSE18_Evosuite,21,,
patch2-Chart-1-3sfix.patch,Chart,1,EMSE18_Evosuite,23,,
patch2-Chart-1-3sfix.patch,Chart,1,EMSE18_Evosuite,24,,
patch2-Chart-1-3sfix.patch,Chart,1,EMSE18_Evosuite,25,,
patch3-Math-85-3sfix.patch,Math,85,EMSE18_Evosuite,0,1,;test13
patch3-Math-85-3sfix.patch,Math,85,EMSE18_Evosuite,1,1,;test19
patch3-Math-85-3sfix.patch,Math,85,EMSE18_Evosuite,2,1,;test11
patch3-Math-85-3sfix.patch,Math,85,EMSE18_Evosuite,3,0,
patch3-Math-85-3sfix.patch,Math,85,EMSE18_Evosuite,4,0,
patch3-Math-85-3sfix.patch,Math,85,EMSE18_Evosuite,5,1,;test15
patch3-Math-85-3sfix.patch,Math,85,EMSE18_Evosuite,6,0,
patch3-Math-85-3sfix.patch,Math,85,EMSE18_Evosuite,7,0,
patch3-Math-85-3sfix.patch,Math,85,EMSE18_Evosuite,8,1,;test13
patch3-Math-85-3sfix.patch,Math,85,EMSE18_Evosuite,9,0,
patch3-Math-85-3sfix.patch,Math,85,EMSE18_Evosuite,10,0,
patch3-Math-85-3sfix.patch,Math,85,EMSE18_Evosuite,11,0,
patch3-Math-85-3sfix.patch,Math,85,EMSE18_Evosuite,12,0,
patch3-Math-85-3sfix.patch,Math,85,EMSE18_Evosuite,13,1,;test19
patch3-Math-85-3sfix.patch,Math,85,EMSE18_Evosuite,14,0,
patch3-Math-85-3sfix.patch,Math,85,EMSE18_Evosuite,15,1,;test10
patch3-Math-85-3sfix.patch,Math,85,EMSE18_Evosuite,16,1,;test17
patch3-Math-85-3sfix.patch,Math,85,EMSE18_Evosuite,17,0,
patch3-Math-85-3sfix.patch,Math,85,EMSE18_Evosuite,18,1,;test09
patch3-Math-85-3sfix.patch,Math,85,EMSE18_Evosuite,19,0,
patch3-Math-85-3sfix.patch,Math,85,EMSE18_Evosuite,20,0,
patch3-Math-85-3sfix.patch,Math,85,EMSE18_Evosuite,21,1,;test25
patch3-Math-85-3sfix.patch,Math,85,EMSE18_Evosuite,22,1,;test11
patch3-Math-85-3sfix.patch,Math,85,EMSE18_Evosuite,23,1,;test16
patch3-Math-85-3sfix.patch,Math,85,EMSE18_Evosuite,24,1,;test08
patch3-Math-85-3sfix.patch,Math,85,EMSE18_Evosuite,25,1,;test14
patch3-Math-85-3sfix.patch,Math,85,EMSE18_Evosuite,26,0,
patch3-Math-85-3sfix.patch,Math,85,EMSE18_Evosuite,27,1,;test12
patch3-Math-85-3sfix.patch,Math,85,EMSE18_Evosuite,28,0,
patch3-Math-85-3sfix.patch,Math,85,EMSE18_Evosuite,29,0,
patch4-Math-85-3sfix.patch,Math,85,EMSE18_Evosuite,0,1,;test13
patch4-Math-85-3sfix.patch,Math,85,EMSE18_Evosuite,1,1,;test19
patch4-Math-85-3sfix.patch,Math,85,EMSE18_Evosuite,2,1,;test11
patch4-Math-85-3sfix.patch,Math,85,EMSE18_Evosuite,3,0,
patch4-Math-85-3sfix.patch,Math,85,EMSE18_Evosuite,4,0,
patch4-Math-85-3sfix.patch,Math,85,EMSE18_Evosuite,5,1,;test15
patch4-Math-85-3sfix.patch,Math,85,EMSE18_Evosuite,6,0,
patch4-Math-85-3sfix.patch,Math,85,EMSE18_Evosuite,7,0,
patch4-Math-85-3sfix.patch,Math,85,EMSE18_Evosuite,8,1,;test13
patch4-Math-85-3sfix.patch,Math,85,EMSE18_Evosuite,9,0,
patch4-Math-85-3sfix.patch,Math,85,EMSE18_Evosuite,10,0,
patch4-Math-85-3sfix.patch,Math,85,EMSE18_Evosuite,11,0,
patch4-Math-85-3sfix.patch,Math,85,EMSE18_Evosuite,12,0,
patch4-Math-85-3sfix.patch,Math,85,EMSE18_Evosuite,13,1,;test19
patch4-Math-85-3sfix.patch,Math,85,EMSE18_Evosuite,14,0,
patch4-Math-85-3sfix.patch,Math,85,EMSE18_Evosuite,15,1,;test10
patch4-Math-85-3sfix.patch,Math,85,EMSE18_Evosuite,16,1,;test17
patch4-Math-85-3sfix.patch,Math,85,EMSE18_Evosuite,17,0,
patch4-Math-85-3sfix.patch,Math,85,EMSE18_Evosuite,18,1,;test09
patch4-Math-85-3sfix.patch,Math,85,EMSE18_Evosuite,19,0,
patch4-Math-85-3sfix.patch,Math,85,EMSE18_Evosuite,20,0,
patch4-Math-85-3sfix.patch,Math,85,EMSE18_Evosuite,21,1,;test25
patch4-Math-85-3sfix.patch,Math,85,EMSE18_Evosuite,22,1,;test11
patch4-Math-85-3sfix.patch,Math,85,EMSE18_Evosuite,23,1,;test16
patch4-Math-85-3sfix.patch,Math,85,EMSE18_Evosuite,24,1,;test08
patch4-Math-85-3sfix.patch,Math,85,EMSE18_Evosuite,25,1,;test14
patch4-Math-85-3sfix.patch,Math,85,EMSE18_Evosuite,26,0,
patch4-Math-85-3sfix.patch,Math,85,EMSE18_Evosuite,27,1,;test12
patch4-Math-85-3sfix.patch,Math,85,EMSE18_Evosuite,28,1,;test16
patch4-Math-85-3sfix.patch,Math,85,EMSE18_Evosuite,29,0,
patch5-Math-85-3sfix.patch,Math,85,EMSE18_Evosuite,0,1,;test13
patch5-Math-85-3sfix.patch,Math,85,EMSE18_Evosuite,1,1,;test19
patch5-Math-85-3sfix.patch,Math,85,EMSE18_Evosuite,2,1,;test11
patch5-Math-85-3sfix.patch,Math,85,EMSE18_Evosuite,3,0,
patch5-Math-85-3sfix.patch,Math,85,EMSE18_Evosuite,4,0,
patch5-Math-85-3sfix.patch,Math,85,EMSE18_Evosuite,5,1,;test15
patch5-Math-85-3sfix.patch,Math,85,EMSE18_Evosuite,6,0,
patch5-Math-85-3sfix.patch,Math,85,EMSE18_Evosuite,7,0,
patch5-Math-85-3sfix.patch,Math,85,EMSE18_Evosuite,8,1,;test13
patch5-Math-85-3sfix.patch,Math,85,EMSE18_Evosuite,9,0,
patch5-Math-85-3sfix.patch,Math,85,EMSE18_Evosuite,10,0,
patch5-Math-85-3sfix.patch,Math,85,EMSE18_Evosuite,11,0,
patch5-Math-85-3sfix.patch,Math,85,EMSE18_Evosuite,12,0,
patch5-Math-85-3sfix.patch,Math,85,EMSE18_Evosuite,13,1,;test19
patch5-Math-85-3sfix.patch,Math,85,EMSE18_Evosuite,14,0,
patch5-Math-85-3sfix.patch,Math,85,EMSE18_Evosuite,15,1,;test10
patch5-Math-85-3sfix.patch,Math,85,EMSE18_Evosuite,16,1,;test17
patch5-Math-85-3sfix.patch,Math,85,EMSE18_Evosuite,17,0,
patch5-Math-85-3sfix.patch,Math,85,EMSE18_Evosuite,18,1,;test09
patch5-Math-85-3sfix.patch,Math,85,EMSE18_Evosuite,19,0,
patch5-Math-85-3sfix.patch,Math,85,EMSE18_Evosuite,20,0,
patch5-Math-85-3sfix.patch,Math,85,EMSE18_Evosuite,21,1,;test25
patch5-Math-85-3sfix.patch,Math,85,EMSE18_Evosuite,22,1,;test11
patch5-Math-85-3sfix.patch,Math,85,EMSE18_Evosuite,23,1,;test16
patch5-Math-85-3sfix.patch,Math,85,EMSE18_Evosuite,24,1,;test08
patch5-Math-85-3sfix.patch,Math,85,EMSE18_Evosuite,25,1,;test14
patch5-Math-85-3sfix.patch,Math,85,EMSE18_Evosuite,26,0,
patch5-Math-85-3sfix.patch,Math,85,EMSE18_Evosuite,27,1,;test12
patch5-Math-85-3sfix.patch,Math,85,EMSE18_Evosuite,28,0,
patch5-Math-85-3sfix.patch,Math,85,EMSE18_Evosuite,29,0,